scenario_id,scenario_role,minimum_majority_vote_share,evaluation_seed,policy,mean_return,mean_dropped,mean_delivered,applied_constraint_violations,fallback_rate,mean_majority_vote_share,unanimous_rate,return_delta_vs_projected_queue,drop_delta_vs_projected_queue
nominal_control,control,,1000,projected_queue_observation_only,-56.64,11.0,95.0,0.0,,,,,
nominal_control,control,,1001,projected_queue_observation_only,-58.16,11.0,96.0,0.0,,,,,
nominal_control,control,,1002,projected_queue_observation_only,-63.96,12.0,96.0,0.0,,,,,
nominal_control,control,,1003,projected_queue_observation_only,-60.16,11.0,94.0,0.0,,,,,
nominal_control,control,,1004,projected_queue_observation_only,-47.42,10.0,95.0,0.0,,,,,
nominal_control,control,,1005,projected_queue_observation_only,-68.48,12.0,94.0,0.0,,,,,
nominal_control,control,,1006,projected_queue_observation_only,-46.96,10.0,96.0,0.0,,,,,
nominal_control,control,,1007,projected_queue_observation_only,-57.46,11.0,94.0,0.0,,,,,
nominal_control,control,,1008,projected_queue_observation_only,-60.16,11.0,94.0,0.0,,,,,
nominal_control,control,,1009,projected_queue_observation_only,-56.28,11.0,95.0,0.0,,,,,
nominal_control,control,,1010,projected_queue_observation_only,-55.46,11.0,96.0,0.0,,,,,
nominal_control,control,,1011,projected_queue_observation_only,-51.12,10.0,94.0,0.0,,,,,
nominal_control,control,,1012,projected_queue_observation_only,-47.42,10.0,95.0,0.0,,,,,
nominal_control,control,,1013,projected_queue_observation_only,-46.6,10.0,96.0,0.0,,,,,
nominal_control,control,,1014,projected_queue_observation_only,-55.82,11.0,96.0,0.0,,,,,
nominal_control,control,,1015,projected_queue_observation_only,-46.96,10.0,96.0,0.0,,,,,
nominal_control,control,,1016,projected_queue_observation_only,-55.46,11.0,96.0,0.0,,,,,
nominal_control,control,,1017,projected_queue_observation_only,-57.8,11.0,96.0,0.0,,,,,
nominal_control,control,,1018,projected_queue_observation_only,-50.48,10.0,95.0,0.0,,,,,
nominal_control,control,,1019,projected_queue_observation_only,-51.12,10.0,94.0,0.0,,,,,
nominal_control,control,,1020,projected_queue_observation_only,-58.16,11.0,96.0,0.0,,,,,
nominal_control,control,,1021,projected_queue_observation_only,-47.42,10.0,95.0,0.0,,,,,
nominal_control,control,,1022,projected_queue_observation_only,-50.12,10.0,95.0,0.0,,,,,
nominal_control,control,,1023,projected_queue_observation_only,-67.48,12.0,95.0,0.0,,,,,
nominal_control,control,,1024,projected_queue_observation_only,-55.46,11.0,96.0,0.0,,,,,
nominal_control,control,,1025,projected_queue_observation_only,-64.32,12.0,96.0,0.0,,,,,
nominal_control,control,,1026,projected_queue_observation_only,-56.28,11.0,95.0,0.0,,,,,
nominal_control,control,,1027,projected_queue_observation_only,-47.42,10.0,95.0,0.0,,,,,
nominal_control,control,,1028,projected_queue_observation_only,-72.46,13.0,96.0,0.0,,,,,
nominal_control,control,,1029,projected_queue_observation_only,-55.46,11.0,96.0,0.0,,,,,
nominal_control,control,,1030,projected_queue_observation_only,-68.48,12.0,94.0,0.0,,,,,
nominal_control,control,,1031,projected_queue_observation_only,-66.48,12.0,96.0,0.0,,,,,
nominal_control,control,,1032,projected_queue_observation_only,-58.16,11.0,96.0,0.0,,,,,
nominal_control,control,,1033,projected_queue_observation_only,-64.32,12.0,96.0,0.0,,,,,
nominal_control,control,,1034,projected_queue_observation_only,-72.46,13.0,96.0,0.0,,,,,
nominal_control,control,,1035,projected_queue_observation_only,-57.46,11.0,94.0,0.0,,,,,
nominal_control,control,,1036,projected_queue_observation_only,-51.12,10.0,94.0,0.0,,,,,
nominal_control,control,,1037,projected_queue_observation_only,-68.48,12.0,94.0,0.0,,,,,
nominal_control,control,,1038,projected_queue_observation_only,-60.16,11.0,94.0,0.0,,,,,
nominal_control,control,,1039,projected_queue_observation_only,-55.46,11.0,96.0,0.0,,,,,
nominal_control,control,0.6,1000,dqn_ensemble_vote_gate_0.6,-56.64,11.0,95.0,0.0,0.0,0.9375,0.770833333,0.0,0.0
nominal_control,control,0.6,1001,dqn_ensemble_vote_gate_0.6,-58.16,11.0,96.0,0.0,0.0,0.970833333,0.895833333,0.0,0.0
nominal_control,control,0.6,1002,dqn_ensemble_vote_gate_0.6,-63.96,12.0,96.0,0.0,0.0,0.945833333,0.854166667,0.0,0.0
nominal_control,control,0.6,1003,dqn_ensemble_vote_gate_0.6,-60.16,11.0,94.0,0.0,0.0,0.9375,0.770833333,0.0,0.0
nominal_control,control,0.6,1004,dqn_ensemble_vote_gate_0.6,-47.42,10.0,95.0,0.0,0.0,0.9375,0.770833333,0.0,0.0
nominal_control,control,0.6,1005,dqn_ensemble_vote_gate_0.6,-68.48,12.0,94.0,0.0,0.0,0.979166667,0.916666667,0.0,0.0
nominal_control,control,0.6,1006,dqn_ensemble_vote_gate_0.6,-46.96,10.0,96.0,0.0,0.0,0.9375,0.770833333,0.0,0.0
nominal_control,control,0.6,1007,dqn_ensemble_vote_gate_0.6,-57.46,11.0,94.0,0.0,0.0,0.9375,0.770833333,0.0,0.0
nominal_control,control,0.6,1008,dqn_ensemble_vote_gate_0.6,-60.16,11.0,94.0,0.0,0.0,0.9375,0.770833333,0.0,0.0
nominal_control,control,0.6,1009,dqn_ensemble_vote_gate_0.6,-56.28,11.0,95.0,0.0,0.0,0.9625,0.875,0.0,0.0
nominal_control,control,0.6,1010,dqn_ensemble_vote_gate_0.6,-55.64,11.0,96.0,0.0,0.0,0.945833333,0.8125,-0.18,0.0
nominal_control,control,0.6,1011,dqn_ensemble_vote_gate_0.6,-51.3,10.0,94.0,0.0,0.0,0.945833333,0.8125,-0.18,0.0
nominal_control,control,0.6,1012,dqn_ensemble_vote_gate_0.6,-47.42,10.0,95.0,0.0,0.0,0.9375,0.770833333,0.0,0.0
nominal_control,control,0.6,1013,dqn_ensemble_vote_gate_0.6,-46.78,10.0,96.0,0.0,0.0,0.941666667,0.791666667,-0.18,0.0
nominal_control,control,0.6,1014,dqn_ensemble_vote_gate_0.6,-55.82,11.0,96.0,0.0,0.0,0.970833333,0.895833333,0.0,0.0
nominal_control,control,0.6,1015,dqn_ensemble_vote_gate_0.6,-46.96,10.0,96.0,0.0,0.0,0.9375,0.770833333,0.0,0.0
nominal_control,control,0.6,1016,dqn_ensemble_vote_gate_0.6,-55.64,11.0,96.0,0.0,0.0,0.945833333,0.8125,-0.18,0.0
nominal_control,control,0.6,1017,dqn_ensemble_vote_gate_0.6,-57.98,11.0,96.0,0.0,0.0,0.954166667,0.833333333,-0.18,0.0
nominal_control,control,0.6,1018,dqn_ensemble_vote_gate_0.6,-50.48,10.0,95.0,0.0,0.0,0.9375,0.770833333,0.0,0.0
nominal_control,control,0.6,1019,dqn_ensemble_vote_gate_0.6,-51.3,10.0,94.0,0.0,0.0,0.945833333,0.8125,-0.18,0.0
nominal_control,control,0.6,1020,dqn_ensemble_vote_gate_0.6,-58.16,11.0,96.0,0.0,0.0,0.970833333,0.895833333,0.0,0.0
nominal_control,control,0.6,1021,dqn_ensemble_vote_gate_0.6,-47.6,10.0,95.0,0.0,0.0,0.941666667,0.791666667,-0.18,0.0
nominal_control,control,0.6,1022,dqn_ensemble_vote_gate_0.6,-50.12,10.0,95.0,0.0,0.0,0.9375,0.770833333,0.0,0.0
nominal_control,control,0.6,1023,dqn_ensemble_vote_gate_0.6,-67.48,12.0,95.0,0.0,0.0,0.979166667,0.916666667,0.0,0.0
nominal_control,control,0.6,1024,dqn_ensemble_vote_gate_0.6,-55.64,11.0,96.0,0.0,0.0,0.945833333,0.8125,-0.18,0.0
nominal_control,control,0.6,1025,dqn_ensemble_vote_gate_0.6,-64.32,12.0,96.0,0.0,0.0,0.941666667,0.791666667,0.0,0.0
nominal_control,control,0.6,1026,dqn_ensemble_vote_gate_0.6,-56.28,11.0,95.0,0.0,0.0,0.9625,0.875,0.0,0.0
nominal_control,control,0.6,1027,dqn_ensemble_vote_gate_0.6,-47.42,10.0,95.0,0.0,0.0,0.9375,0.770833333,0.0,0.0
nominal_control,control,0.6,1028,dqn_ensemble_vote_gate_0.6,-72.46,13.0,96.0,0.0,0.0,0.983333333,0.9375,0.0,0.0
nominal_control,control,0.6,1029,dqn_ensemble_vote_gate_0.6,-55.64,11.0,96.0,0.0,0.0,0.954166667,0.833333333,-0.18,0.0
nominal_control,control,0.6,1030,dqn_ensemble_vote_gate_0.6,-68.48,12.0,94.0,0.0,0.0,0.979166667,0.916666667,0.0,0.0
nominal_control,control,0.6,1031,dqn_ensemble_vote_gate_0.6,-66.48,12.0,96.0,0.0,0.0,0.941666667,0.791666667,0.0,0.0
nominal_control,control,0.6,1032,dqn_ensemble_vote_gate_0.6,-58.16,11.0,96.0,0.0,0.0,0.9375,0.770833333,0.0,0.0
nominal_control,control,0.6,1033,dqn_ensemble_vote_gate_0.6,-64.32,12.0,96.0,0.0,0.0,0.941666667,0.791666667,0.0,0.0
nominal_control,control,0.6,1034,dqn_ensemble_vote_gate_0.6,-72.46,13.0,96.0,0.0,0.0,0.983333333,0.9375,0.0,0.0
nominal_control,control,0.6,1035,dqn_ensemble_vote_gate_0.6,-57.46,11.0,94.0,0.0,0.0,0.9375,0.770833333,0.0,0.0
nominal_control,control,0.6,1036,dqn_ensemble_vote_gate_0.6,-51.3,10.0,94.0,0.0,0.0,0.945833333,0.8125,-0.18,0.0
nominal_control,control,0.6,1037,dqn_ensemble_vote_gate_0.6,-68.48,12.0,94.0,0.0,0.0,0.979166667,0.916666667,0.0,0.0
nominal_control,control,0.6,1038,dqn_ensemble_vote_gate_0.6,-60.16,11.0,94.0,0.0,0.0,0.9375,0.770833333,0.0,0.0
nominal_control,control,0.6,1039,dqn_ensemble_vote_gate_0.6,-55.64,11.0,96.0,0.0,0.0,0.954166667,0.833333333,-0.18,0.0
nominal_control,control,0.8,1000,dqn_ensemble_vote_gate_0.8,-56.64,11.0,95.0,0.0,0.083333333,0.9375,0.770833333,0.0,0.0
nominal_control,control,0.8,1001,dqn_ensemble_vote_gate_0.8,-58.16,11.0,96.0,0.0,0.041666667,0.970833333,0.895833333,0.0,0.0
nominal_control,control,0.8,1002,dqn_ensemble_vote_gate_0.8,-63.96,12.0,96.0,0.0,0.125,0.95,0.875,0.0,0.0
nominal_control,control,0.8,1003,dqn_ensemble_vote_gate_0.8,-60.16,11.0,94.0,0.0,0.083333333,0.9375,0.770833333,0.0,0.0
nominal_control,control,0.8,1004,dqn_ensemble_vote_gate_0.8,-47.42,10.0,95.0,0.0,0.083333333,0.9375,0.770833333,0.0,0.0
nominal_control,control,0.8,1005,dqn_ensemble_vote_gate_0.8,-68.48,12.0,94.0,0.0,0.020833333,0.979166667,0.916666667,0.0,0.0
nominal_control,control,0.8,1006,dqn_ensemble_vote_gate_0.8,-46.96,10.0,96.0,0.0,0.083333333,0.9375,0.770833333,0.0,0.0
nominal_control,control,0.8,1007,dqn_ensemble_vote_gate_0.8,-57.46,11.0,94.0,0.0,0.083333333,0.9375,0.770833333,0.0,0.0
nominal_control,control,0.8,1008,dqn_ensemble_vote_gate_0.8,-60.16,11.0,94.0,0.0,0.083333333,0.9375,0.770833333,0.0,0.0
nominal_control,control,0.8,1009,dqn_ensemble_vote_gate_0.8,-56.46,11.0,95.0,0.0,0.083333333,0.945833333,0.8125,-0.18,0.0
nominal_control,control,0.8,1010,dqn_ensemble_vote_gate_0.8,-55.64,11.0,96.0,0.0,0.083333333,0.945833333,0.8125,-0.18,0.0
nominal_control,control,0.8,1011,dqn_ensemble_vote_gate_0.8,-51.3,10.0,94.0,0.0,0.083333333,0.945833333,0.8125,-0.18,0.0
nominal_control,control,0.8,1012,dqn_ensemble_vote_gate_0.8,-47.42,10.0,95.0,0.0,0.083333333,0.9375,0.770833333,0.0,0.0
nominal_control,control,0.8,1013,dqn_ensemble_vote_gate_0.8,-46.78,10.0,96.0,0.0,0.083333333,0.941666667,0.791666667,-0.18,0.0
nominal_control,control,0.8,1014,dqn_ensemble_vote_gate_0.8,-55.82,11.0,96.0,0.0,0.041666667,0.970833333,0.895833333,0.0,0.0
nominal_control,control,0.8,1015,dqn_ensemble_vote_gate_0.8,-46.96,10.0,96.0,0.0,0.083333333,0.9375,0.770833333,0.0,0.0
nominal_control,control,0.8,1016,dqn_ensemble_vote_gate_0.8,-55.64,11.0,96.0,0.0,0.083333333,0.945833333,0.8125,-0.18,0.0
nominal_control,control,0.8,1017,dqn_ensemble_vote_gate_0.8,-57.98,11.0,96.0,0.0,0.0625,0.954166667,0.833333333,-0.18,0.0
nominal_control,control,0.8,1018,dqn_ensemble_vote_gate_0.8,-50.48,10.0,95.0,0.0,0.083333333,0.9375,0.770833333,0.0,0.0
nominal_control,control,0.8,1019,dqn_ensemble_vote_gate_0.8,-51.3,10.0,94.0,0.0,0.083333333,0.945833333,0.8125,-0.18,0.0
nominal_control,control,0.8,1020,dqn_ensemble_vote_gate_0.8,-58.16,11.0,96.0,0.0,0.041666667,0.970833333,0.895833333,0.0,0.0
nominal_control,control,0.8,1021,dqn_ensemble_vote_gate_0.8,-47.6,10.0,95.0,0.0,0.083333333,0.941666667,0.791666667,-0.18,0.0
nominal_control,control,0.8,1022,dqn_ensemble_vote_gate_0.8,-50.12,10.0,95.0,0.0,0.083333333,0.9375,0.770833333,0.0,0.0
nominal_control,control,0.8,1023,dqn_ensemble_vote_gate_0.8,-67.48,12.0,95.0,0.0,0.020833333,0.979166667,0.916666667,0.0,0.0
nominal_control,control,0.8,1024,dqn_ensemble_vote_gate_0.8,-55.64,11.0,96.0,0.0,0.083333333,0.945833333,0.8125,-0.18,0.0
nominal_control,control,0.8,1025,dqn_ensemble_vote_gate_0.8,-64.32,12.0,96.0,0.0,0.083333333,0.941666667,0.791666667,0.0,0.0
nominal_control,control,0.8,1026,dqn_ensemble_vote_gate_0.8,-56.46,11.0,95.0,0.0,0.083333333,0.945833333,0.8125,-0.18,0.0
nominal_control,control,0.8,1027,dqn_ensemble_vote_gate_0.8,-47.42,10.0,95.0,0.0,0.083333333,0.9375,0.770833333,0.0,0.0
nominal_control,control,0.8,1028,dqn_ensemble_vote_gate_0.8,-72.46,13.0,96.0,0.0,0.020833333,0.983333333,0.9375,0.0,0.0
nominal_control,control,0.8,1029,dqn_ensemble_vote_gate_0.8,-55.64,11.0,96.0,0.0,0.0625,0.954166667,0.833333333,-0.18,0.0
nominal_control,control,0.8,1030,dqn_ensemble_vote_gate_0.8,-68.48,12.0,94.0,0.0,0.020833333,0.979166667,0.916666667,0.0,0.0
nominal_control,control,0.8,1031,dqn_ensemble_vote_gate_0.8,-66.48,12.0,96.0,0.0,0.083333333,0.941666667,0.791666667,0.0,0.0
nominal_control,control,0.8,1032,dqn_ensemble_vote_gate_0.8,-58.16,11.0,96.0,0.0,0.083333333,0.9375,0.770833333,0.0,0.0
nominal_control,control,0.8,1033,dqn_ensemble_vote_gate_0.8,-64.32,12.0,96.0,0.0,0.083333333,0.941666667,0.791666667,0.0,0.0
nominal_control,control,0.8,1034,dqn_ensemble_vote_gate_0.8,-72.46,13.0,96.0,0.0,0.020833333,0.983333333,0.9375,0.0,0.0
nominal_control,control,0.8,1035,dqn_ensemble_vote_gate_0.8,-57.46,11.0,94.0,0.0,0.083333333,0.9375,0.770833333,0.0,0.0
nominal_control,control,0.8,1036,dqn_ensemble_vote_gate_0.8,-51.3,10.0,94.0,0.0,0.083333333,0.945833333,0.8125,-0.18,0.0
nominal_control,control,0.8,1037,dqn_ensemble_vote_gate_0.8,-68.48,12.0,94.0,0.0,0.020833333,0.979166667,0.916666667,0.0,0.0
nominal_control,control,0.8,1038,dqn_ensemble_vote_gate_0.8,-60.16,11.0,94.0,0.0,0.083333333,0.9375,0.770833333,0.0,0.0
nominal_control,control,0.8,1039,dqn_ensemble_vote_gate_0.8,-55.64,11.0,96.0,0.0,0.0625,0.954166667,0.833333333,-0.18,0.0
nominal_control,control,1.0,1000,dqn_ensemble_vote_gate_1,-56.64,11.0,95.0,0.0,0.229166667,0.9375,0.770833333,0.0,0.0
nominal_control,control,1.0,1001,dqn_ensemble_vote_gate_1,-58.16,11.0,96.0,0.0,0.125,0.966666667,0.875,0.0,0.0
nominal_control,control,1.0,1002,dqn_ensemble_vote_gate_1,-63.96,12.0,96.0,0.0,0.125,0.95,0.875,0.0,0.0
nominal_control,control,1.0,1003,dqn_ensemble_vote_gate_1,-60.16,11.0,94.0,0.0,0.229166667,0.9375,0.770833333,0.0,0.0
nominal_control,control,1.0,1004,dqn_ensemble_vote_gate_1,-47.42,10.0,95.0,0.0,0.229166667,0.9375,0.770833333,0.0,0.0
nominal_control,control,1.0,1005,dqn_ensemble_vote_gate_1,-68.48,12.0,94.0,0.0,0.104166667,0.975,0.895833333,0.0,0.0
nominal_control,control,1.0,1006,dqn_ensemble_vote_gate_1,-46.96,10.0,96.0,0.0,0.229166667,0.9375,0.770833333,0.0,0.0
nominal_control,control,1.0,1007,dqn_ensemble_vote_gate_1,-57.46,11.0,94.0,0.0,0.229166667,0.9375,0.770833333,0.0,0.0
nominal_control,control,1.0,1008,dqn_ensemble_vote_gate_1,-60.16,11.0,94.0,0.0,0.229166667,0.9375,0.770833333,0.0,0.0
nominal_control,control,1.0,1009,dqn_ensemble_vote_gate_1,-56.28,11.0,95.0,0.0,0.1875,0.945833333,0.8125,0.0,0.0
nominal_control,control,1.0,1010,dqn_ensemble_vote_gate_1,-55.46,11.0,96.0,0.0,0.1875,0.945833333,0.8125,0.0,0.0
nominal_control,control,1.0,1011,dqn_ensemble_vote_gate_1,-51.12,10.0,94.0,0.0,0.1875,0.945833333,0.8125,0.0,0.0
nominal_control,control,1.0,1012,dqn_ensemble_vote_gate_1,-47.42,10.0,95.0,0.0,0.229166667,0.9375,0.770833333,0.0,0.0
nominal_control,control,1.0,1013,dqn_ensemble_vote_gate_1,-46.6,10.0,96.0,0.0,0.208333333,0.941666667,0.791666667,0.0,0.0
nominal_control,control,1.0,1014,dqn_ensemble_vote_gate_1,-55.82,11.0,96.0,0.0,0.125,0.966666667,0.875,0.0,0.0
nominal_control,control,1.0,1015,dqn_ensemble_vote_gate_1,-46.96,10.0,96.0,0.0,0.229166667,0.9375,0.770833333,0.0,0.0
nominal_control,control,1.0,1016,dqn_ensemble_vote_gate_1,-55.46,11.0,96.0,0.0,0.1875,0.945833333,0.8125,0.0,0.0
nominal_control,control,1.0,1017,dqn_ensemble_vote_gate_1,-57.8,11.0,96.0,0.0,0.166666667,0.954166667,0.833333333,0.0,0.0
nominal_control,control,1.0,1018,dqn_ensemble_vote_gate_1,-50.48,10.0,95.0,0.0,0.229166667,0.9375,0.770833333,0.0,0.0
nominal_control,control,1.0,1019,dqn_ensemble_vote_gate_1,-51.12,10.0,94.0,0.0,0.1875,0.945833333,0.8125,0.0,0.0
nominal_control,control,1.0,1020,dqn_ensemble_vote_gate_1,-58.16,11.0,96.0,0.0,0.125,0.966666667,0.875,0.0,0.0
nominal_control,control,1.0,1021,dqn_ensemble_vote_gate_1,-47.42,10.0,95.0,0.0,0.208333333,0.941666667,0.791666667,0.0,0.0
nominal_control,control,1.0,1022,dqn_ensemble_vote_gate_1,-50.12,10.0,95.0,0.0,0.229166667,0.9375,0.770833333,0.0,0.0
nominal_control,control,1.0,1023,dqn_ensemble_vote_gate_1,-67.48,12.0,95.0,0.0,0.104166667,0.975,0.895833333,0.0,0.0
nominal_control,control,1.0,1024,dqn_ensemble_vote_gate_1,-55.46,11.0,96.0,0.0,0.1875,0.945833333,0.8125,0.0,0.0
nominal_control,control,1.0,1025,dqn_ensemble_vote_gate_1,-64.32,12.0,96.0,0.0,0.208333333,0.941666667,0.791666667,0.0,0.0
nominal_control,control,1.0,1026,dqn_ensemble_vote_gate_1,-56.28,11.0,95.0,0.0,0.1875,0.945833333,0.8125,0.0,0.0
nominal_control,control,1.0,1027,dqn_ensemble_vote_gate_1,-47.42,10.0,95.0,0.0,0.229166667,0.9375,0.770833333,0.0,0.0
nominal_control,control,1.0,1028,dqn_ensemble_vote_gate_1,-72.46,13.0,96.0,0.0,0.083333333,0.979166667,0.916666667,0.0,0.0
nominal_control,control,1.0,1029,dqn_ensemble_vote_gate_1,-55.46,11.0,96.0,0.0,0.166666667,0.954166667,0.833333333,0.0,0.0
nominal_control,control,1.0,1030,dqn_ensemble_vote_gate_1,-68.48,12.0,94.0,0.0,0.104166667,0.975,0.895833333,0.0,0.0
nominal_control,control,1.0,1031,dqn_ensemble_vote_gate_1,-66.48,12.0,96.0,0.0,0.208333333,0.941666667,0.791666667,0.0,0.0
nominal_control,control,1.0,1032,dqn_ensemble_vote_gate_1,-58.16,11.0,96.0,0.0,0.229166667,0.9375,0.770833333,0.0,0.0
nominal_control,control,1.0,1033,dqn_ensemble_vote_gate_1,-64.32,12.0,96.0,0.0,0.208333333,0.941666667,0.791666667,0.0,0.0
nominal_control,control,1.0,1034,dqn_ensemble_vote_gate_1,-72.46,13.0,96.0,0.0,0.083333333,0.979166667,0.916666667,0.0,0.0
nominal_control,control,1.0,1035,dqn_ensemble_vote_gate_1,-57.46,11.0,94.0,0.0,0.229166667,0.9375,0.770833333,0.0,0.0
nominal_control,control,1.0,1036,dqn_ensemble_vote_gate_1,-51.12,10.0,94.0,0.0,0.1875,0.945833333,0.8125,0.0,0.0
nominal_control,control,1.0,1037,dqn_ensemble_vote_gate_1,-68.48,12.0,94.0,0.0,0.104166667,0.975,0.895833333,0.0,0.0
nominal_control,control,1.0,1038,dqn_ensemble_vote_gate_1,-60.16,11.0,94.0,0.0,0.229166667,0.9375,0.770833333,0.0,0.0
nominal_control,control,1.0,1039,dqn_ensemble_vote_gate_1,-55.46,11.0,96.0,0.0,0.166666667,0.954166667,0.833333333,0.0,0.0
bursty_arrivals,declared_shift,,1000,projected_queue_observation_only,-61.64,12.0,94.0,0.0,,,,,
bursty_arrivals,declared_shift,,1001,projected_queue_observation_only,-62.16,12.0,96.0,0.0,,,,,
bursty_arrivals,declared_shift,,1002,projected_queue_observation_only,-60.0,12.0,96.0,0.0,,,,,
bursty_arrivals,declared_shift,,1003,projected_queue_observation_only,-64.16,12.0,94.0,0.0,,,,,
bursty_arrivals,declared_shift,,1004,projected_queue_observation_only,-43.46,10.0,95.0,0.0,,,,,
bursty_arrivals,declared_shift,,1005,projected_queue_observation_only,-71.76,13.0,94.0,0.0,,,,,
bursty_arrivals,declared_shift,,1006,projected_queue_observation_only,-51.96,11.0,95.0,0.0,,,,,
bursty_arrivals,declared_shift,,1007,projected_queue_observation_only,-62.64,12.0,93.0,0.0,,,,,
bursty_arrivals,declared_shift,,1008,projected_queue_observation_only,-64.16,12.0,94.0,0.0,,,,,
bursty_arrivals,declared_shift,,1009,projected_queue_observation_only,-51.96,11.0,95.0,0.0,,,,,
bursty_arrivals,declared_shift,,1010,projected_queue_observation_only,-51.14,11.0,96.0,0.0,,,,,
bursty_arrivals,declared_shift,,1011,projected_queue_observation_only,-55.84,11.0,94.0,0.0,,,,,
bursty_arrivals,declared_shift,,1012,projected_queue_observation_only,-43.46,10.0,95.0,0.0,,,,,
bursty_arrivals,declared_shift,,1013,projected_queue_observation_only,-61.64,12.0,94.0,0.0,,,,,
bursty_arrivals,declared_shift,,1014,projected_queue_observation_only,-51.14,11.0,96.0,0.0,,,,,
bursty_arrivals,declared_shift,,1015,projected_queue_observation_only,-51.96,11.0,95.0,0.0,,,,,
bursty_arrivals,declared_shift,,1016,projected_queue_observation_only,-51.14,11.0,96.0,0.0,,,,,
bursty_arrivals,declared_shift,,1017,projected_queue_observation_only,-62.16,12.0,96.0,0.0,,,,,
bursty_arrivals,declared_shift,,1018,projected_queue_observation_only,-54.48,11.0,95.0,0.0,,,,,
bursty_arrivals,declared_shift,,1019,projected_queue_observation_only,-55.84,11.0,94.0,0.0,,,,,
bursty_arrivals,declared_shift,,1020,projected_queue_observation_only,-62.16,12.0,96.0,0.0,,,,,
bursty_arrivals,declared_shift,,1021,projected_queue_observation_only,-53.14,11.0,94.0,0.0,,,,,
bursty_arrivals,declared_shift,,1022,projected_queue_observation_only,-45.16,10.0,96.0,0.0,,,,,
bursty_arrivals,declared_shift,,1023,projected_queue_observation_only,-70.76,13.0,95.0,0.0,,,,,
bursty_arrivals,declared_shift,,1024,projected_queue_observation_only,-51.14,11.0,96.0,0.0,,,,,
bursty_arrivals,declared_shift,,1025,projected_queue_observation_only,-60.0,12.0,96.0,0.0,,,,,
bursty_arrivals,declared_shift,,1026,projected_queue_observation_only,-51.96,11.0,95.0,0.0,,,,,
bursty_arrivals,declared_shift,,1027,projected_queue_observation_only,-43.46,10.0,95.0,0.0,,,,,
bursty_arrivals,declared_shift,,1028,projected_queue_observation_only,-67.78,13.0,96.0,0.0,,,,,
bursty_arrivals,declared_shift,,1029,projected_queue_observation_only,-60.82,12.0,95.0,0.0,,,,,
bursty_arrivals,declared_shift,,1030,projected_queue_observation_only,-71.76,13.0,94.0,0.0,,,,,
bursty_arrivals,declared_shift,,1031,projected_queue_observation_only,-69.76,13.0,96.0,0.0,,,,,
bursty_arrivals,declared_shift,,1032,projected_queue_observation_only,-62.16,12.0,96.0,0.0,,,,,
bursty_arrivals,declared_shift,,1033,projected_queue_observation_only,-60.0,12.0,96.0,0.0,,,,,
bursty_arrivals,declared_shift,,1034,projected_queue_observation_only,-67.78,13.0,96.0,0.0,,,,,
bursty_arrivals,declared_shift,,1035,projected_queue_observation_only,-62.64,12.0,93.0,0.0,,,,,
bursty_arrivals,declared_shift,,1036,projected_queue_observation_only,-55.84,11.0,94.0,0.0,,,,,
bursty_arrivals,declared_shift,,1037,projected_queue_observation_only,-71.76,13.0,94.0,0.0,,,,,
bursty_arrivals,declared_shift,,1038,projected_queue_observation_only,-64.16,12.0,94.0,0.0,,,,,
bursty_arrivals,declared_shift,,1039,projected_queue_observation_only,-60.82,12.0,95.0,0.0,,,,,
bursty_arrivals,declared_shift,0.6,1000,dqn_ensemble_vote_gate_0.6,-61.64,12.0,94.0,0.0,0.0,0.920833333,0.645833333,0.0,0.0
bursty_arrivals,declared_shift,0.6,1001,dqn_ensemble_vote_gate_0.6,-62.16,12.0,96.0,0.0,0.0,0.920833333,0.6875,0.0,0.0
bursty_arrivals,declared_shift,0.6,1002,dqn_ensemble_vote_gate_0.6,-60.0,12.0,96.0,0.0,0.0,0.916666667,0.6875,0.0,0.0
bursty_arrivals,declared_shift,0.6,1003,dqn_ensemble_vote_gate_0.6,-64.16,12.0,94.0,0.0,0.0,0.925,0.666666667,0.0,0.0
bursty_arrivals,declared_shift,0.6,1004,dqn_ensemble_vote_gate_0.6,-43.46,10.0,95.0,0.0,0.0,0.925,0.708333333,0.0,0.0
bursty_arrivals,declared_shift,0.6,1005,dqn_ensemble_vote_gate_0.6,-72.12,13.0,94.0,0.0,0.0,0.929166667,0.708333333,-0.36,0.0
bursty_arrivals,declared_shift,0.6,1006,dqn_ensemble_vote_gate_0.6,-52.32,11.0,95.0,0.0,0.0,0.933333333,0.708333333,-0.36,0.0
bursty_arrivals,declared_shift,0.6,1007,dqn_ensemble_vote_gate_0.6,-62.64,12.0,93.0,0.0,0.0,0.920833333,0.645833333,0.0,0.0
bursty_arrivals,declared_shift,0.6,1008,dqn_ensemble_vote_gate_0.6,-64.16,12.0,94.0,0.0,0.0,0.925,0.666666667,0.0,0.0
bursty_arrivals,declared_shift,0.6,1009,dqn_ensemble_vote_gate_0.6,-42.64,10.0,96.0,0.0,0.0,0.925,0.708333333,9.32,-1.0
bursty_arrivals,declared_shift,0.6,1010,dqn_ensemble_vote_gate_0.6,-51.5,11.0,96.0,0.0,0.0,0.925,0.6875,-0.36,0.0
bursty_arrivals,declared_shift,0.6,1011,dqn_ensemble_vote_gate_0.6,-55.84,11.0,94.0,0.0,0.0,0.920833333,0.6875,0.0,0.0
bursty_arrivals,declared_shift,0.6,1012,dqn_ensemble_vote_gate_0.6,-43.46,10.0,95.0,0.0,0.0,0.925,0.708333333,0.0,0.0
bursty_arrivals,declared_shift,0.6,1013,dqn_ensemble_vote_gate_0.6,-52.32,11.0,95.0,0.0,0.0,0.9125,0.666666667,9.32,-1.0
bursty_arrivals,declared_shift,0.6,1014,dqn_ensemble_vote_gate_0.6,-51.5,11.0,96.0,0.0,0.0,0.933333333,0.708333333,-0.36,0.0
bursty_arrivals,declared_shift,0.6,1015,dqn_ensemble_vote_gate_0.6,-52.32,11.0,95.0,0.0,0.0,0.933333333,0.708333333,-0.36,0.0
bursty_arrivals,declared_shift,0.6,1016,dqn_ensemble_vote_gate_0.6,-51.5,11.0,96.0,0.0,0.0,0.925,0.6875,-0.36,0.0
bursty_arrivals,declared_shift,0.6,1017,dqn_ensemble_vote_gate_0.6,-62.16,12.0,96.0,0.0,0.0,0.925,0.729166667,0.0,0.0
bursty_arrivals,declared_shift,0.6,1018,dqn_ensemble_vote_gate_0.6,-54.84,11.0,95.0,0.0,0.0,0.929166667,0.6875,-0.36,0.0
bursty_arrivals,declared_shift,0.6,1019,dqn_ensemble_vote_gate_0.6,-55.84,11.0,94.0,0.0,0.0,0.920833333,0.6875,0.0,0.0
bursty_arrivals,declared_shift,0.6,1020,dqn_ensemble_vote_gate_0.6,-62.16,12.0,96.0,0.0,0.0,0.920833333,0.6875,0.0,0.0
bursty_arrivals,declared_shift,0.6,1021,dqn_ensemble_vote_gate_0.6,-53.14,11.0,94.0,0.0,0.0,0.916666667,0.666666667,0.0,0.0
bursty_arrivals,declared_shift,0.6,1022,dqn_ensemble_vote_gate_0.6,-45.16,10.0,96.0,0.0,0.0,0.920833333,0.6875,0.0,0.0
bursty_arrivals,declared_shift,0.6,1023,dqn_ensemble_vote_gate_0.6,-71.12,13.0,95.0,0.0,0.0,0.929166667,0.708333333,-0.36,0.0
bursty_arrivals,declared_shift,0.6,1024,dqn_ensemble_vote_gate_0.6,-51.5,11.0,96.0,0.0,0.0,0.925,0.6875,-0.36,0.0
bursty_arrivals,declared_shift,0.6,1025,dqn_ensemble_vote_gate_0.6,-60.0,12.0,96.0,0.0,0.0,0.929166667,0.75,0.0,0.0
bursty_arrivals,declared_shift,0.6,1026,dqn_ensemble_vote_gate_0.6,-42.64,10.0,96.0,0.0,0.0,0.925,0.708333333,9.32,-1.0
bursty_arrivals,declared_shift,0.6,1027,dqn_ensemble_vote_gate_0.6,-43.46,10.0,95.0,0.0,0.0,0.925,0.708333333,0.0,0.0
bursty_arrivals,declared_shift,0.6,1028,dqn_ensemble_vote_gate_0.6,-68.14,13.0,96.0,0.0,0.0,0.933333333,0.708333333,-0.36,0.0
bursty_arrivals,declared_shift,0.6,1029,dqn_ensemble_vote_gate_0.6,-60.82,12.0,95.0,0.0,0.0,0.929166667,0.75,0.0,0.0
bursty_arrivals,declared_shift,0.6,1030,dqn_ensemble_vote_gate_0.6,-72.12,13.0,94.0,0.0,0.0,0.929166667,0.708333333,-0.36,0.0
bursty_arrivals,declared_shift,0.6,1031,dqn_ensemble_vote_gate_0.6,-70.12,13.0,96.0,0.0,0.0,0.929166667,0.6875,-0.36,0.0
bursty_arrivals,declared_shift,0.6,1032,dqn_ensemble_vote_gate_0.6,-62.16,12.0,96.0,0.0,0.0,0.925,0.666666667,0.0,0.0
bursty_arrivals,declared_shift,0.6,1033,dqn_ensemble_vote_gate_0.6,-60.0,12.0,96.0,0.0,0.0,0.929166667,0.75,0.0,0.0
bursty_arrivals,declared_shift,0.6,1034,dqn_ensemble_vote_gate_0.6,-68.14,13.0,96.0,0.0,0.0,0.933333333,0.708333333,-0.36,0.0
bursty_arrivals,declared_shift,0.6,1035,dqn_ensemble_vote_gate_0.6,-62.64,12.0,93.0,0.0,0.0,0.920833333,0.645833333,0.0,0.0
bursty_arrivals,declared_shift,0.6,1036,dqn_ensemble_vote_gate_0.6,-55.84,11.0,94.0,0.0,0.0,0.920833333,0.6875,0.0,0.0
bursty_arrivals,declared_shift,0.6,1037,dqn_ensemble_vote_gate_0.6,-72.12,13.0,94.0,0.0,0.0,0.929166667,0.708333333,-0.36,0.0
bursty_arrivals,declared_shift,0.6,1038,dqn_ensemble_vote_gate_0.6,-64.16,12.0,94.0,0.0,0.0,0.925,0.666666667,0.0,0.0
bursty_arrivals,declared_shift,0.6,1039,dqn_ensemble_vote_gate_0.6,-60.82,12.0,95.0,0.0,0.0,0.929166667,0.75,0.0,0.0
bursty_arrivals,declared_shift,0.8,1000,dqn_ensemble_vote_gate_0.8,-61.64,12.0,94.0,0.0,0.020833333,0.929166667,0.666666667,0.0,0.0
bursty_arrivals,declared_shift,0.8,1001,dqn_ensemble_vote_gate_0.8,-62.16,12.0,96.0,0.0,0.083333333,0.920833333,0.6875,0.0,0.0
bursty_arrivals,declared_shift,0.8,1002,dqn_ensemble_vote_gate_0.8,-60.0,12.0,96.0,0.0,0.104166667,0.933333333,0.770833333,0.0,0.0
bursty_arrivals,declared_shift,0.8,1003,dqn_ensemble_vote_gate_0.8,-64.16,12.0,94.0,0.0,0.020833333,0.933333333,0.6875,0.0,0.0
bursty_arrivals,declared_shift,0.8,1004,dqn_ensemble_vote_gate_0.8,-43.46,10.0,95.0,0.0,0.083333333,0.925,0.708333333,0.0,0.0
bursty_arrivals,declared_shift,0.8,1005,dqn_ensemble_vote_gate_0.8,-72.12,13.0,94.0,0.0,0.0625,0.929166667,0.708333333,-0.36,0.0
bursty_arrivals,declared_shift,0.8,1006,dqn_ensemble_vote_gate_0.8,-52.32,11.0,95.0,0.0,0.020833333,0.941666667,0.729166667,-0.36,0.0
bursty_arrivals,declared_shift,0.8,1007,dqn_ensemble_vote_gate_0.8,-62.64,12.0,93.0,0.0,0.020833333,0.929166667,0.666666667,0.0,0.0
bursty_arrivals,declared_shift,0.8,1008,dqn_ensemble_vote_gate_0.8,-64.16,12.0,94.0,0.0,0.020833333,0.933333333,0.6875,0.0,0.0
bursty_arrivals,declared_shift,0.8,1009,dqn_ensemble_vote_gate_0.8,-42.64,10.0,96.0,0.0,0.083333333,0.925,0.708333333,9.32,-1.0
bursty_arrivals,declared_shift,0.8,1010,dqn_ensemble_vote_gate_0.8,-51.5,11.0,96.0,0.0,0.041666667,0.933333333,0.708333333,-0.36,0.0
bursty_arrivals,declared_shift,0.8,1011,dqn_ensemble_vote_gate_0.8,-55.84,11.0,94.0,0.0,0.083333333,0.920833333,0.6875,0.0,0.0
bursty_arrivals,declared_shift,0.8,1012,dqn_ensemble_vote_gate_0.8,-43.46,10.0,95.0,0.0,0.083333333,0.925,0.708333333,0.0,0.0
bursty_arrivals,declared_shift,0.8,1013,dqn_ensemble_vote_gate_0.8,-61.64,12.0,94.0,0.0,0.041666667,0.925,0.666666667,0.0,0.0
bursty_arrivals,declared_shift,0.8,1014,dqn_ensemble_vote_gate_0.8,-51.5,11.0,96.0,0.0,0.020833333,0.941666667,0.729166667,-0.36,0.0
bursty_arrivals,declared_shift,0.8,1015,dqn_ensemble_vote_gate_0.8,-52.32,11.0,95.0,0.0,0.020833333,0.941666667,0.729166667,-0.36,0.0
bursty_arrivals,declared_shift,0.8,1016,dqn_ensemble_vote_gate_0.8,-51.5,11.0,96.0,0.0,0.041666667,0.933333333,0.708333333,-0.36,0.0
bursty_arrivals,declared_shift,0.8,1017,dqn_ensemble_vote_gate_0.8,-62.16,12.0,96.0,0.0,0.083333333,0.9375,0.770833333,0.0,0.0
bursty_arrivals,declared_shift,0.8,1018,dqn_ensemble_vote_gate_0.8,-54.84,11.0,95.0,0.0,0.020833333,0.9375,0.708333333,-0.36,0.0
bursty_arrivals,declared_shift,0.8,1019,dqn_ensemble_vote_gate_0.8,-55.84,11.0,94.0,0.0,0.083333333,0.920833333,0.6875,0.0,0.0
bursty_arrivals,declared_shift,0.8,1020,dqn_ensemble_vote_gate_0.8,-62.16,12.0,96.0,0.0,0.083333333,0.920833333,0.6875,0.0,0.0
bursty_arrivals,declared_shift,0.8,1021,dqn_ensemble_vote_gate_0.8,-53.14,11.0,94.0,0.0,0.083333333,0.916666667,0.666666667,0.0,0.0
bursty_arrivals,declared_shift,0.8,1022,dqn_ensemble_vote_gate_0.8,-45.16,10.0,96.0,0.0,0.083333333,0.920833333,0.6875,0.0,0.0
bursty_arrivals,declared_shift,0.8,1023,dqn_ensemble_vote_gate_0.8,-71.12,13.0,95.0,0.0,0.0625,0.929166667,0.708333333,-0.36,0.0
bursty_arrivals,declared_shift,0.8,1024,dqn_ensemble_vote_gate_0.8,-51.5,11.0,96.0,0.0,0.041666667,0.933333333,0.708333333,-0.36,0.0
bursty_arrivals,declared_shift,0.8,1025,dqn_ensemble_vote_gate_0.8,-60.0,12.0,96.0,0.0,0.083333333,0.941666667,0.791666667,0.0,0.0
bursty_arrivals,declared_shift,0.8,1026,dqn_ensemble_vote_gate_0.8,-42.64,10.0,96.0,0.0,0.083333333,0.925,0.708333333,9.32,-1.0
bursty_arrivals,declared_shift,0.8,1027,dqn_ensemble_vote_gate_0.8,-43.46,10.0,95.0,0.0,0.083333333,0.925,0.708333333,0.0,0.0
bursty_arrivals,declared_shift,0.8,1028,dqn_ensemble_vote_gate_0.8,-68.14,13.0,96.0,0.0,0.020833333,0.941666667,0.729166667,-0.36,0.0
bursty_arrivals,declared_shift,0.8,1029,dqn_ensemble_vote_gate_0.8,-60.82,12.0,95.0,0.0,0.083333333,0.941666667,0.791666667,0.0,0.0
bursty_arrivals,declared_shift,0.8,1030,dqn_ensemble_vote_gate_0.8,-72.12,13.0,94.0,0.0,0.0625,0.929166667,0.708333333,-0.36,0.0
bursty_arrivals,declared_shift,0.8,1031,dqn_ensemble_vote_gate_0.8,-70.12,13.0,96.0,0.0,0.020833333,0.9375,0.708333333,-0.36,0.0
bursty_arrivals,declared_shift,0.8,1032,dqn_ensemble_vote_gate_0.8,-62.16,12.0,96.0,0.0,0.020833333,0.933333333,0.6875,0.0,0.0
bursty_arrivals,declared_shift,0.8,1033,dqn_ensemble_vote_gate_0.8,-60.0,12.0,96.0,0.0,0.083333333,0.941666667,0.791666667,0.0,0.0
bursty_arrivals,declared_shift,0.8,1034,dqn_ensemble_vote_gate_0.8,-68.14,13.0,96.0,0.0,0.020833333,0.941666667,0.729166667,-0.36,0.0
bursty_arrivals,declared_shift,0.8,1035,dqn_ensemble_vote_gate_0.8,-62.64,12.0,93.0,0.0,0.020833333,0.929166667,0.666666667,0.0,0.0
bursty_arrivals,declared_shift,0.8,1036,dqn_ensemble_vote_gate_0.8,-55.84,11.0,94.0,0.0,0.083333333,0.920833333,0.6875,0.0,0.0
bursty_arrivals,declared_shift,0.8,1037,dqn_ensemble_vote_gate_0.8,-72.12,13.0,94.0,0.0,0.0625,0.929166667,0.708333333,-0.36,0.0
bursty_arrivals,declared_shift,0.8,1038,dqn_ensemble_vote_gate_0.8,-64.16,12.0,94.0,0.0,0.020833333,0.933333333,0.6875,0.0,0.0
bursty_arrivals,declared_shift,0.8,1039,dqn_ensemble_vote_gate_0.8,-60.82,12.0,95.0,0.0,0.083333333,0.941666667,0.791666667,0.0,0.0
bursty_arrivals,declared_shift,1.0,1000,dqn_ensemble_vote_gate_1,-61.64,12.0,94.0,0.0,0.354166667,0.920833333,0.645833333,0.0,0.0
bursty_arrivals,declared_shift,1.0,1001,dqn_ensemble_vote_gate_1,-62.16,12.0,96.0,0.0,0.3125,0.920833333,0.6875,0.0,0.0
bursty_arrivals,declared_shift,1.0,1002,dqn_ensemble_vote_gate_1,-60.0,12.0,96.0,0.0,0.229166667,0.933333333,0.770833333,0.0,0.0
bursty_arrivals,declared_shift,1.0,1003,dqn_ensemble_vote_gate_1,-64.16,12.0,94.0,0.0,0.333333333,0.925,0.666666667,0.0,0.0
bursty_arrivals,declared_shift,1.0,1004,dqn_ensemble_vote_gate_1,-43.46,10.0,95.0,0.0,0.291666667,0.925,0.708333333,0.0,0.0
bursty_arrivals,declared_shift,1.0,1005,dqn_ensemble_vote_gate_1,-72.12,13.0,94.0,0.0,0.291666667,0.929166667,0.708333333,-0.36,0.0
bursty_arrivals,declared_shift,1.0,1006,dqn_ensemble_vote_gate_1,-52.32,11.0,95.0,0.0,0.25,0.945833333,0.75,-0.36,0.0
bursty_arrivals,declared_shift,1.0,1007,dqn_ensemble_vote_gate_1,-62.64,12.0,93.0,0.0,0.354166667,0.920833333,0.645833333,0.0,0.0
bursty_arrivals,declared_shift,1.0,1008,dqn_ensemble_vote_gate_1,-64.16,12.0,94.0,0.0,0.333333333,0.925,0.666666667,0.0,0.0
bursty_arrivals,declared_shift,1.0,1009,dqn_ensemble_vote_gate_1,-42.64,10.0,96.0,0.0,0.291666667,0.925,0.708333333,9.32,-1.0
bursty_arrivals,declared_shift,1.0,1010,dqn_ensemble_vote_gate_1,-51.5,11.0,96.0,0.0,0.270833333,0.9375,0.729166667,-0.36,0.0
bursty_arrivals,declared_shift,1.0,1011,dqn_ensemble_vote_gate_1,-55.84,11.0,94.0,0.0,0.3125,0.920833333,0.6875,0.0,0.0
bursty_arrivals,declared_shift,1.0,1012,dqn_ensemble_vote_gate_1,-43.46,10.0,95.0,0.0,0.291666667,0.925,0.708333333,0.0,0.0
bursty_arrivals,declared_shift,1.0,1013,dqn_ensemble_vote_gate_1,-61.64,12.0,94.0,0.0,0.354166667,0.916666667,0.645833333,0.0,0.0
bursty_arrivals,declared_shift,1.0,1014,dqn_ensemble_vote_gate_1,-51.5,11.0,96.0,0.0,0.25,0.945833333,0.75,-0.36,0.0
bursty_arrivals,declared_shift,1.0,1015,dqn_ensemble_vote_gate_1,-52.32,11.0,95.0,0.0,0.25,0.945833333,0.75,-0.36,0.0
bursty_arrivals,declared_shift,1.0,1016,dqn_ensemble_vote_gate_1,-51.5,11.0,96.0,0.0,0.270833333,0.9375,0.729166667,-0.36,0.0
bursty_arrivals,declared_shift,1.0,1017,dqn_ensemble_vote_gate_1,-62.16,12.0,96.0,0.0,0.229166667,0.9375,0.770833333,0.0,0.0
bursty_arrivals,declared_shift,1.0,1018,dqn_ensemble_vote_gate_1,-54.84,11.0,95.0,0.0,0.270833333,0.941666667,0.729166667,-0.36,0.0
bursty_arrivals,declared_shift,1.0,1019,dqn_ensemble_vote_gate_1,-55.84,11.0,94.0,0.0,0.3125,0.920833333,0.6875,0.0,0.0
bursty_arrivals,declared_shift,1.0,1020,dqn_ensemble_vote_gate_1,-62.16,12.0,96.0,0.0,0.3125,0.920833333,0.6875,0.0,0.0
bursty_arrivals,declared_shift,1.0,1021,dqn_ensemble_vote_gate_1,-53.14,11.0,94.0,0.0,0.333333333,0.916666667,0.666666667,0.0,0.0
bursty_arrivals,declared_shift,1.0,1022,dqn_ensemble_vote_gate_1,-45.16,10.0,96.0,0.0,0.3125,0.920833333,0.6875,0.0,0.0
bursty_arrivals,declared_shift,1.0,1023,dqn_ensemble_vote_gate_1,-71.12,13.0,95.0,0.0,0.291666667,0.929166667,0.708333333,-0.36,0.0
bursty_arrivals,declared_shift,1.0,1024,dqn_ensemble_vote_gate_1,-51.5,11.0,96.0,0.0,0.270833333,0.9375,0.729166667,-0.36,0.0
bursty_arrivals,declared_shift,1.0,1025,dqn_ensemble_vote_gate_1,-60.0,12.0,96.0,0.0,0.208333333,0.941666667,0.791666667,0.0,0.0
bursty_arrivals,declared_shift,1.0,1026,dqn_ensemble_vote_gate_1,-42.64,10.0,96.0,0.0,0.291666667,0.925,0.708333333,9.32,-1.0
bursty_arrivals,declared_shift,1.0,1027,dqn_ensemble_vote_gate_1,-43.46,10.0,95.0,0.0,0.291666667,0.925,0.708333333,0.0,0.0
bursty_arrivals,declared_shift,1.0,1028,dqn_ensemble_vote_gate_1,-68.14,13.0,96.0,0.0,0.25,0.945833333,0.75,-0.36,0.0
bursty_arrivals,declared_shift,1.0,1029,dqn_ensemble_vote_gate_1,-60.82,12.0,95.0,0.0,0.208333333,0.941666667,0.791666667,0.0,0.0
bursty_arrivals,declared_shift,1.0,1030,dqn_ensemble_vote_gate_1,-72.12,13.0,94.0,0.0,0.291666667,0.929166667,0.708333333,-0.36,0.0
bursty_arrivals,declared_shift,1.0,1031,dqn_ensemble_vote_gate_1,-70.12,13.0,96.0,0.0,0.270833333,0.941666667,0.729166667,-0.36,0.0
bursty_arrivals,declared_shift,1.0,1032,dqn_ensemble_vote_gate_1,-62.16,12.0,96.0,0.0,0.333333333,0.925,0.666666667,0.0,0.0
bursty_arrivals,declared_shift,1.0,1033,dqn_ensemble_vote_gate_1,-60.0,12.0,96.0,0.0,0.208333333,0.941666667,0.791666667,0.0,0.0
bursty_arrivals,declared_shift,1.0,1034,dqn_ensemble_vote_gate_1,-68.14,13.0,96.0,0.0,0.25,0.945833333,0.75,-0.36,0.0
bursty_arrivals,declared_shift,1.0,1035,dqn_ensemble_vote_gate_1,-62.64,12.0,93.0,0.0,0.354166667,0.920833333,0.645833333,0.0,0.0
bursty_arrivals,declared_shift,1.0,1036,dqn_ensemble_vote_gate_1,-55.84,11.0,94.0,0.0,0.3125,0.920833333,0.6875,0.0,0.0
bursty_arrivals,declared_shift,1.0,1037,dqn_ensemble_vote_gate_1,-72.12,13.0,94.0,0.0,0.291666667,0.929166667,0.708333333,-0.36,0.0
bursty_arrivals,declared_shift,1.0,1038,dqn_ensemble_vote_gate_1,-64.16,12.0,94.0,0.0,0.333333333,0.925,0.666666667,0.0,0.0
bursty_arrivals,declared_shift,1.0,1039,dqn_ensemble_vote_gate_1,-60.82,12.0,95.0,0.0,0.208333333,0.941666667,0.791666667,0.0,0.0
extended_outages,declared_shift,,1000,projected_queue_observation_only,-74.74,13.0,93.0,0.0,,,,,
extended_outages,declared_shift,,1001,projected_queue_observation_only,-58.16,11.0,96.0,0.0,,,,,
extended_outages,declared_shift,,1002,projected_queue_observation_only,-63.24,12.0,96.0,0.0,,,,,
extended_outages,declared_shift,,1003,projected_queue_observation_only,-60.16,11.0,94.0,0.0,,,,,
extended_outages,declared_shift,,1004,projected_queue_observation_only,-57.28,11.0,94.0,0.0,,,,,
extended_outages,declared_shift,,1005,projected_queue_observation_only,-68.48,12.0,94.0,0.0,,,,,
extended_outages,declared_shift,,1006,projected_queue_observation_only,-65.06,12.0,94.0,0.0,,,,,
extended_outages,declared_shift,,1007,projected_queue_observation_only,-75.74,13.0,92.0,0.0,,,,,
extended_outages,declared_shift,,1008,projected_queue_observation_only,-60.16,11.0,94.0,0.0,,,,,
extended_outages,declared_shift,,1009,projected_queue_observation_only,-56.28,11.0,95.0,0.0,,,,,
extended_outages,declared_shift,,1010,projected_queue_observation_only,-55.46,11.0,96.0,0.0,,,,,
extended_outages,declared_shift,,1011,projected_queue_observation_only,-51.12,10.0,94.0,0.0,,,,,
extended_outages,declared_shift,,1012,projected_queue_observation_only,-57.28,11.0,94.0,0.0,,,,,
extended_outages,declared_shift,,1013,projected_queue_observation_only,-65.96,12.0,94.0,0.0,,,,,
extended_outages,declared_shift,,1014,projected_queue_observation_only,-64.06,12.0,95.0,0.0,,,,,
extended_outages,declared_shift,,1015,projected_queue_observation_only,-65.06,12.0,94.0,0.0,,,,,
extended_outages,declared_shift,,1016,projected_queue_observation_only,-55.46,11.0,96.0,0.0,,,,,
extended_outages,declared_shift,,1017,projected_queue_observation_only,-57.8,11.0,96.0,0.0,,,,,
extended_outages,declared_shift,,1018,projected_queue_observation_only,-50.48,10.0,95.0,0.0,,,,,
extended_outages,declared_shift,,1019,projected_queue_observation_only,-51.12,10.0,94.0,0.0,,,,,
extended_outages,declared_shift,,1020,projected_queue_observation_only,-58.16,11.0,96.0,0.0,,,,,
extended_outages,declared_shift,,1021,projected_queue_observation_only,-66.96,12.0,93.0,0.0,,,,,
extended_outages,declared_shift,,1022,projected_queue_observation_only,-50.12,10.0,95.0,0.0,,,,,
extended_outages,declared_shift,,1023,projected_queue_observation_only,-67.48,12.0,95.0,0.0,,,,,
extended_outages,declared_shift,,1024,projected_queue_observation_only,-55.46,11.0,96.0,0.0,,,,,
extended_outages,declared_shift,,1025,projected_queue_observation_only,-71.12,13.0,95.0,0.0,,,,,
extended_outages,declared_shift,,1026,projected_queue_observation_only,-56.28,11.0,95.0,0.0,,,,,
extended_outages,declared_shift,,1027,projected_queue_observation_only,-57.28,11.0,94.0,0.0,,,,,
extended_outages,declared_shift,,1028,projected_queue_observation_only,-70.3,13.0,96.0,0.0,,,,,
extended_outages,declared_shift,,1029,projected_queue_observation_only,-72.12,13.0,94.0,0.0,,,,,
extended_outages,declared_shift,,1030,projected_queue_observation_only,-68.48,12.0,94.0,0.0,,,,,
extended_outages,declared_shift,,1031,projected_queue_observation_only,-66.48,12.0,96.0,0.0,,,,,
extended_outages,declared_shift,,1032,projected_queue_observation_only,-58.16,11.0,96.0,0.0,,,,,
extended_outages,declared_shift,,1033,projected_queue_observation_only,-71.12,13.0,95.0,0.0,,,,,
extended_outages,declared_shift,,1034,projected_queue_observation_only,-70.3,13.0,96.0,0.0,,,,,
extended_outages,declared_shift,,1035,projected_queue_observation_only,-75.74,13.0,92.0,0.0,,,,,
extended_outages,declared_shift,,1036,projected_queue_observation_only,-51.12,10.0,94.0,0.0,,,,,
extended_outages,declared_shift,,1037,projected_queue_observation_only,-68.48,12.0,94.0,0.0,,,,,
extended_outages,declared_shift,,1038,projected_queue_observation_only,-60.16,11.0,94.0,0.0,,,,,
extended_outages,declared_shift,,1039,projected_queue_observation_only,-72.12,13.0,94.0,0.0,,,,,
extended_outages,declared_shift,0.6,1000,dqn_ensemble_vote_gate_0.6,-74.74,13.0,93.0,0.0,0.0,1.0,1.0,0.0,0.0
extended_outages,declared_shift,0.6,1001,dqn_ensemble_vote_gate_0.6,-58.16,11.0,96.0,0.0,0.0,1.0,1.0,0.0,0.0
extended_outages,declared_shift,0.6,1002,dqn_ensemble_vote_gate_0.6,-63.24,12.0,96.0,0.0,0.0,1.0,1.0,0.0,0.0
extended_outages,declared_shift,0.6,1003,dqn_ensemble_vote_gate_0.6,-60.16,11.0,94.0,0.0,0.0,1.0,1.0,0.0,0.0
extended_outages,declared_shift,0.6,1004,dqn_ensemble_vote_gate_0.6,-57.28,11.0,94.0,0.0,0.0,1.0,1.0,0.0,0.0
extended_outages,declared_shift,0.6,1005,dqn_ensemble_vote_gate_0.6,-68.48,12.0,94.0,0.0,0.0,1.0,1.0,0.0,0.0
extended_outages,declared_shift,0.6,1006,dqn_ensemble_vote_gate_0.6,-65.06,12.0,94.0,0.0,0.0,1.0,1.0,0.0,0.0
extended_outages,declared_shift,0.6,1007,dqn_ensemble_vote_gate_0.6,-75.74,13.0,92.0,0.0,0.0,1.0,1.0,0.0,0.0
extended_outages,declared_shift,0.6,1008,dqn_ensemble_vote_gate_0.6,-60.16,11.0,94.0,0.0,0.0,1.0,1.0,0.0,0.0
extended_outages,declared_shift,0.6,1009,dqn_ensemble_vote_gate_0.6,-56.28,11.0,95.0,0.0,0.0,1.0,1.0,0.0,0.0
extended_outages,declared_shift,0.6,1010,dqn_ensemble_vote_gate_0.6,-55.46,11.0,96.0,0.0,0.0,1.0,1.0,0.0,0.0
extended_outages,declared_shift,0.6,1011,dqn_ensemble_vote_gate_0.6,-51.12,10.0,94.0,0.0,0.0,1.0,1.0,0.0,0.0
extended_outages,declared_shift,0.6,1012,dqn_ensemble_vote_gate_0.6,-57.28,11.0,94.0,0.0,0.0,1.0,1.0,0.0,0.0
extended_outages,declared_shift,0.6,1013,dqn_ensemble_vote_gate_0.6,-65.96,12.0,94.0,0.0,0.0,1.0,1.0,0.0,0.0
extended_outages,declared_shift,0.6,1014,dqn_ensemble_vote_gate_0.6,-64.06,12.0,95.0,0.0,0.0,1.0,1.0,0.0,0.0
extended_outages,declared_shift,0.6,1015,dqn_ensemble_vote_gate_0.6,-65.06,12.0,94.0,0.0,0.0,1.0,1.0,0.0,0.0
extended_outages,declared_shift,0.6,1016,dqn_ensemble_vote_gate_0.6,-55.46,11.0,96.0,0.0,0.0,1.0,1.0,0.0,0.0
extended_outages,declared_shift,0.6,1017,dqn_ensemble_vote_gate_0.6,-57.8,11.0,96.0,0.0,0.0,1.0,1.0,0.0,0.0
extended_outages,declared_shift,0.6,1018,dqn_ensemble_vote_gate_0.6,-50.48,10.0,95.0,0.0,0.0,1.0,1.0,0.0,0.0
extended_outages,declared_shift,0.6,1019,dqn_ensemble_vote_gate_0.6,-51.12,10.0,94.0,0.0,0.0,1.0,1.0,0.0,0.0
extended_outages,declared_shift,0.6,1020,dqn_ensemble_vote_gate_0.6,-58.16,11.0,96.0,0.0,0.0,1.0,1.0,0.0,0.0
extended_outages,declared_shift,0.6,1021,dqn_ensemble_vote_gate_0.6,-66.96,12.0,93.0,0.0,0.0,1.0,1.0,0.0,0.0
extended_outages,declared_shift,0.6,1022,dqn_ensemble_vote_gate_0.6,-50.12,10.0,95.0,0.0,0.0,1.0,1.0,0.0,0.0
extended_outages,declared_shift,0.6,1023,dqn_ensemble_vote_gate_0.6,-67.48,12.0,95.0,0.0,0.0,1.0,1.0,0.0,0.0
extended_outages,declared_shift,0.6,1024,dqn_ensemble_vote_gate_0.6,-55.46,11.0,96.0,0.0,0.0,1.0,1.0,0.0,0.0
extended_outages,declared_shift,0.6,1025,dqn_ensemble_vote_gate_0.6,-71.12,13.0,95.0,0.0,0.0,1.0,1.0,0.0,0.0
extended_outages,declared_shift,0.6,1026,dqn_ensemble_vote_gate_0.6,-56.28,11.0,95.0,0.0,0.0,1.0,1.0,0.0,0.0
extended_outages,declared_shift,0.6,1027,dqn_ensemble_vote_gate_0.6,-57.28,11.0,94.0,0.0,0.0,1.0,1.0,0.0,0.0
extended_outages,declared_shift,0.6,1028,dqn_ensemble_vote_gate_0.6,-70.3,13.0,96.0,0.0,0.0,1.0,1.0,0.0,0.0
extended_outages,declared_shift,0.6,1029,dqn_ensemble_vote_gate_0.6,-72.12,13.0,94.0,0.0,0.0,1.0,1.0,0.0,0.0
extended_outages,declared_shift,0.6,1030,dqn_ensemble_vote_gate_0.6,-68.48,12.0,94.0,0.0,0.0,1.0,1.0,0.0,0.0
extended_outages,declared_shift,0.6,1031,dqn_ensemble_vote_gate_0.6,-66.48,12.0,96.0,0.0,0.0,1.0,1.0,0.0,0.0
extended_outages,declared_shift,0.6,1032,dqn_ensemble_vote_gate_0.6,-58.16,11.0,96.0,0.0,0.0,1.0,1.0,0.0,0.0
extended_outages,declared_shift,0.6,1033,dqn_ensemble_vote_gate_0.6,-71.12,13.0,95.0,0.0,0.0,1.0,1.0,0.0,0.0
extended_outages,declared_shift,0.6,1034,dqn_ensemble_vote_gate_0.6,-70.3,13.0,96.0,0.0,0.0,1.0,1.0,0.0,0.0
extended_outages,declared_shift,0.6,1035,dqn_ensemble_vote_gate_0.6,-75.74,13.0,92.0,0.0,0.0,1.0,1.0,0.0,0.0
extended_outages,declared_shift,0.6,1036,dqn_ensemble_vote_gate_0.6,-51.12,10.0,94.0,0.0,0.0,1.0,1.0,0.0,0.0
extended_outages,declared_shift,0.6,1037,dqn_ensemble_vote_gate_0.6,-68.48,12.0,94.0,0.0,0.0,1.0,1.0,0.0,0.0
extended_outages,declared_shift,0.6,1038,dqn_ensemble_vote_gate_0.6,-60.16,11.0,94.0,0.0,0.0,1.0,1.0,0.0,0.0
extended_outages,declared_shift,0.6,1039,dqn_ensemble_vote_gate_0.6,-72.12,13.0,94.0,0.0,0.0,1.0,1.0,0.0,0.0
extended_outages,declared_shift,0.8,1000,dqn_ensemble_vote_gate_0.8,-74.74,13.0,93.0,0.0,0.0,1.0,1.0,0.0,0.0
extended_outages,declared_shift,0.8,1001,dqn_ensemble_vote_gate_0.8,-58.16,11.0,96.0,0.0,0.0,1.0,1.0,0.0,0.0
extended_outages,declared_shift,0.8,1002,dqn_ensemble_vote_gate_0.8,-63.24,12.0,96.0,0.0,0.0,1.0,1.0,0.0,0.0
extended_outages,declared_shift,0.8,1003,dqn_ensemble_vote_gate_0.8,-60.16,11.0,94.0,0.0,0.0,1.0,1.0,0.0,0.0
extended_outages,declared_shift,0.8,1004,dqn_ensemble_vote_gate_0.8,-57.28,11.0,94.0,0.0,0.0,1.0,1.0,0.0,0.0
extended_outages,declared_shift,0.8,1005,dqn_ensemble_vote_gate_0.8,-68.48,12.0,94.0,0.0,0.0,1.0,1.0,0.0,0.0
extended_outages,declared_shift,0.8,1006,dqn_ensemble_vote_gate_0.8,-65.06,12.0,94.0,0.0,0.0,1.0,1.0,0.0,0.0
extended_outages,declared_shift,0.8,1007,dqn_ensemble_vote_gate_0.8,-75.74,13.0,92.0,0.0,0.0,1.0,1.0,0.0,0.0
extended_outages,declared_shift,0.8,1008,dqn_ensemble_vote_gate_0.8,-60.16,11.0,94.0,0.0,0.0,1.0,1.0,0.0,0.0
extended_outages,declared_shift,0.8,1009,dqn_ensemble_vote_gate_0.8,-56.28,11.0,95.0,0.0,0.0,1.0,1.0,0.0,0.0
extended_outages,declared_shift,0.8,1010,dqn_ensemble_vote_gate_0.8,-55.46,11.0,96.0,0.0,0.0,1.0,1.0,0.0,0.0
extended_outages,declared_shift,0.8,1011,dqn_ensemble_vote_gate_0.8,-51.12,10.0,94.0,0.0,0.0,1.0,1.0,0.0,0.0
extended_outages,declared_shift,0.8,1012,dqn_ensemble_vote_gate_0.8,-57.28,11.0,94.0,0.0,0.0,1.0,1.0,0.0,0.0
extended_outages,declared_shift,0.8,1013,dqn_ensemble_vote_gate_0.8,-65.96,12.0,94.0,0.0,0.0,1.0,1.0,0.0,0.0
extended_outages,declared_shift,0.8,1014,dqn_ensemble_vote_gate_0.8,-64.06,12.0,95.0,0.0,0.0,1.0,1.0,0.0,0.0
extended_outages,declared_shift,0.8,1015,dqn_ensemble_vote_gate_0.8,-65.06,12.0,94.0,0.0,0.0,1.0,1.0,0.0,0.0
extended_outages,declared_shift,0.8,1016,dqn_ensemble_vote_gate_0.8,-55.46,11.0,96.0,0.0,0.0,1.0,1.0,0.0,0.0
extended_outages,declared_shift,0.8,1017,dqn_ensemble_vote_gate_0.8,-57.8,11.0,96.0,0.0,0.0,1.0,1.0,0.0,0.0
extended_outages,declared_shift,0.8,1018,dqn_ensemble_vote_gate_0.8,-50.48,10.0,95.0,0.0,0.0,1.0,1.0,0.0,0.0
extended_outages,declared_shift,0.8,1019,dqn_ensemble_vote_gate_0.8,-51.12,10.0,94.0,0.0,0.0,1.0,1.0,0.0,0.0
extended_outages,declared_shift,0.8,1020,dqn_ensemble_vote_gate_0.8,-58.16,11.0,96.0,0.0,0.0,1.0,1.0,0.0,0.0
extended_outages,declared_shift,0.8,1021,dqn_ensemble_vote_gate_0.8,-66.96,12.0,93.0,0.0,0.0,1.0,1.0,0.0,0.0
extended_outages,declared_shift,0.8,1022,dqn_ensemble_vote_gate_0.8,-50.12,10.0,95.0,0.0,0.0,1.0,1.0,0.0,0.0
extended_outages,declared_shift,0.8,1023,dqn_ensemble_vote_gate_0.8,-67.48,12.0,95.0,0.0,0.0,1.0,1.0,0.0,0.0
extended_outages,declared_shift,0.8,1024,dqn_ensemble_vote_gate_0.8,-55.46,11.0,96.0,0.0,0.0,1.0,1.0,0.0,0.0
extended_outages,declared_shift,0.8,1025,dqn_ensemble_vote_gate_0.8,-71.12,13.0,95.0,0.0,0.0,1.0,1.0,0.0,0.0
extended_outages,declared_shift,0.8,1026,dqn_ensemble_vote_gate_0.8,-56.28,11.0,95.0,0.0,0.0,1.0,1.0,0.0,0.0
extended_outages,declared_shift,0.8,1027,dqn_ensemble_vote_gate_0.8,-57.28,11.0,94.0,0.0,0.0,1.0,1.0,0.0,0.0
extended_outages,declared_shift,0.8,1028,dqn_ensemble_vote_gate_0.8,-70.3,13.0,96.0,0.0,0.0,1.0,1.0,0.0,0.0
extended_outages,declared_shift,0.8,1029,dqn_ensemble_vote_gate_0.8,-72.12,13.0,94.0,0.0,0.0,1.0,1.0,0.0,0.0
extended_outages,declared_shift,0.8,1030,dqn_ensemble_vote_gate_0.8,-68.48,12.0,94.0,0.0,0.0,1.0,1.0,0.0,0.0
extended_outages,declared_shift,0.8,1031,dqn_ensemble_vote_gate_0.8,-66.48,12.0,96.0,0.0,0.0,1.0,1.0,0.0,0.0
extended_outages,declared_shift,0.8,1032,dqn_ensemble_vote_gate_0.8,-58.16,11.0,96.0,0.0,0.0,1.0,1.0,0.0,0.0
extended_outages,declared_shift,0.8,1033,dqn_ensemble_vote_gate_0.8,-71.12,13.0,95.0,0.0,0.0,1.0,1.0,0.0,0.0
extended_outages,declared_shift,0.8,1034,dqn_ensemble_vote_gate_0.8,-70.3,13.0,96.0,0.0,0.0,1.0,1.0,0.0,0.0
extended_outages,declared_shift,0.8,1035,dqn_ensemble_vote_gate_0.8,-75.74,13.0,92.0,0.0,0.0,1.0,1.0,0.0,0.0
extended_outages,declared_shift,0.8,1036,dqn_ensemble_vote_gate_0.8,-51.12,10.0,94.0,0.0,0.0,1.0,1.0,0.0,0.0
extended_outages,declared_shift,0.8,1037,dqn_ensemble_vote_gate_0.8,-68.48,12.0,94.0,0.0,0.0,1.0,1.0,0.0,0.0
extended_outages,declared_shift,0.8,1038,dqn_ensemble_vote_gate_0.8,-60.16,11.0,94.0,0.0,0.0,1.0,1.0,0.0,0.0
extended_outages,declared_shift,0.8,1039,dqn_ensemble_vote_gate_0.8,-72.12,13.0,94.0,0.0,0.0,1.0,1.0,0.0,0.0
extended_outages,declared_shift,1.0,1000,dqn_ensemble_vote_gate_1,-74.74,13.0,93.0,0.0,0.0,1.0,1.0,0.0,0.0
extended_outages,declared_shift,1.0,1001,dqn_ensemble_vote_gate_1,-58.16,11.0,96.0,0.0,0.0,1.0,1.0,0.0,0.0
extended_outages,declared_shift,1.0,1002,dqn_ensemble_vote_gate_1,-63.24,12.0,96.0,0.0,0.0,1.0,1.0,0.0,0.0
extended_outages,declared_shift,1.0,1003,dqn_ensemble_vote_gate_1,-60.16,11.0,94.0,0.0,0.0,1.0,1.0,0.0,0.0
extended_outages,declared_shift,1.0,1004,dqn_ensemble_vote_gate_1,-57.28,11.0,94.0,0.0,0.0,1.0,1.0,0.0,0.0
extended_outages,declared_shift,1.0,1005,dqn_ensemble_vote_gate_1,-68.48,12.0,94.0,0.0,0.0,1.0,1.0,0.0,0.0
extended_outages,declared_shift,1.0,1006,dqn_ensemble_vote_gate_1,-65.06,12.0,94.0,0.0,0.0,1.0,1.0,0.0,0.0
extended_outages,declared_shift,1.0,1007,dqn_ensemble_vote_gate_1,-75.74,13.0,92.0,0.0,0.0,1.0,1.0,0.0,0.0
extended_outages,declared_shift,1.0,1008,dqn_ensemble_vote_gate_1,-60.16,11.0,94.0,0.0,0.0,1.0,1.0,0.0,0.0
extended_outages,declared_shift,1.0,1009,dqn_ensemble_vote_gate_1,-56.28,11.0,95.0,0.0,0.0,1.0,1.0,0.0,0.0
extended_outages,declared_shift,1.0,1010,dqn_ensemble_vote_gate_1,-55.46,11.0,96.0,0.0,0.0,1.0,1.0,0.0,0.0
extended_outages,declared_shift,1.0,1011,dqn_ensemble_vote_gate_1,-51.12,10.0,94.0,0.0,0.0,1.0,1.0,0.0,0.0
extended_outages,declared_shift,1.0,1012,dqn_ensemble_vote_gate_1,-57.28,11.0,94.0,0.0,0.0,1.0,1.0,0.0,0.0
extended_outages,declared_shift,1.0,1013,dqn_ensemble_vote_gate_1,-65.96,12.0,94.0,0.0,0.0,1.0,1.0,0.0,0.0
extended_outages,declared_shift,1.0,1014,dqn_ensemble_vote_gate_1,-64.06,12.0,95.0,0.0,0.0,1.0,1.0,0.0,0.0
extended_outages,declared_shift,1.0,1015,dqn_ensemble_vote_gate_1,-65.06,12.0,94.0,0.0,0.0,1.0,1.0,0.0,0.0
extended_outages,declared_shift,1.0,1016,dqn_ensemble_vote_gate_1,-55.46,11.0,96.0,0.0,0.0,1.0,1.0,0.0,0.0
extended_outages,declared_shift,1.0,1017,dqn_ensemble_vote_gate_1,-57.8,11.0,96.0,0.0,0.0,1.0,1.0,0.0,0.0
extended_outages,declared_shift,1.0,1018,dqn_ensemble_vote_gate_1,-50.48,10.0,95.0,0.0,0.0,1.0,1.0,0.0,0.0
extended_outages,declared_shift,1.0,1019,dqn_ensemble_vote_gate_1,-51.12,10.0,94.0,0.0,0.0,1.0,1.0,0.0,0.0
extended_outages,declared_shift,1.0,1020,dqn_ensemble_vote_gate_1,-58.16,11.0,96.0,0.0,0.0,1.0,1.0,0.0,0.0
extended_outages,declared_shift,1.0,1021,dqn_ensemble_vote_gate_1,-66.96,12.0,93.0,0.0,0.0,1.0,1.0,0.0,0.0
extended_outages,declared_shift,1.0,1022,dqn_ensemble_vote_gate_1,-50.12,10.0,95.0,0.0,0.0,1.0,1.0,0.0,0.0
extended_outages,declared_shift,1.0,1023,dqn_ensemble_vote_gate_1,-67.48,12.0,95.0,0.0,0.0,1.0,1.0,0.0,0.0
extended_outages,declared_shift,1.0,1024,dqn_ensemble_vote_gate_1,-55.46,11.0,96.0,0.0,0.0,1.0,1.0,0.0,0.0
extended_outages,declared_shift,1.0,1025,dqn_ensemble_vote_gate_1,-71.12,13.0,95.0,0.0,0.0,1.0,1.0,0.0,0.0
extended_outages,declared_shift,1.0,1026,dqn_ensemble_vote_gate_1,-56.28,11.0,95.0,0.0,0.0,1.0,1.0,0.0,0.0
extended_outages,declared_shift,1.0,1027,dqn_ensemble_vote_gate_1,-57.28,11.0,94.0,0.0,0.0,1.0,1.0,0.0,0.0
extended_outages,declared_shift,1.0,1028,dqn_ensemble_vote_gate_1,-70.3,13.0,96.0,0.0,0.0,1.0,1.0,0.0,0.0
extended_outages,declared_shift,1.0,1029,dqn_ensemble_vote_gate_1,-72.12,13.0,94.0,0.0,0.0,1.0,1.0,0.0,0.0
extended_outages,declared_shift,1.0,1030,dqn_ensemble_vote_gate_1,-68.48,12.0,94.0,0.0,0.0,1.0,1.0,0.0,0.0
extended_outages,declared_shift,1.0,1031,dqn_ensemble_vote_gate_1,-66.48,12.0,96.0,0.0,0.0,1.0,1.0,0.0,0.0
extended_outages,declared_shift,1.0,1032,dqn_ensemble_vote_gate_1,-58.16,11.0,96.0,0.0,0.0,1.0,1.0,0.0,0.0
extended_outages,declared_shift,1.0,1033,dqn_ensemble_vote_gate_1,-71.12,13.0,95.0,0.0,0.0,1.0,1.0,0.0,0.0
extended_outages,declared_shift,1.0,1034,dqn_ensemble_vote_gate_1,-70.3,13.0,96.0,0.0,0.0,1.0,1.0,0.0,0.0
extended_outages,declared_shift,1.0,1035,dqn_ensemble_vote_gate_1,-75.74,13.0,92.0,0.0,0.0,1.0,1.0,0.0,0.0
extended_outages,declared_shift,1.0,1036,dqn_ensemble_vote_gate_1,-51.12,10.0,94.0,0.0,0.0,1.0,1.0,0.0,0.0
extended_outages,declared_shift,1.0,1037,dqn_ensemble_vote_gate_1,-68.48,12.0,94.0,0.0,0.0,1.0,1.0,0.0,0.0
extended_outages,declared_shift,1.0,1038,dqn_ensemble_vote_gate_1,-60.16,11.0,94.0,0.0,0.0,1.0,1.0,0.0,0.0
extended_outages,declared_shift,1.0,1039,dqn_ensemble_vote_gate_1,-72.12,13.0,94.0,0.0,0.0,1.0,1.0,0.0,0.0
reduced_capacity,declared_shift,,1000,projected_queue_observation_only,-45.44,19.0,95.0,0.0,,,,,
reduced_capacity,declared_shift,,1001,projected_queue_observation_only,-45.52,19.0,96.0,0.0,,,,,
reduced_capacity,declared_shift,,1002,projected_queue_observation_only,-49.16,20.0,96.0,0.0,,,,,
reduced_capacity,declared_shift,,1003,projected_queue_observation_only,-47.52,19.0,94.0,0.0,,,,,
reduced_capacity,declared_shift,,1004,projected_queue_observation_only,-39.1,18.0,95.0,0.0,,,,,
reduced_capacity,declared_shift,,1005,projected_queue_observation_only,-54.52,20.0,91.0,0.0,,,,,
reduced_capacity,declared_shift,,1006,projected_queue_observation_only,-38.64,18.0,96.0,0.0,,,,,
reduced_capacity,declared_shift,,1007,projected_queue_observation_only,-46.26,19.0,94.0,0.0,,,,,
reduced_capacity,declared_shift,,1008,projected_queue_observation_only,-47.52,19.0,94.0,0.0,,,,,
reduced_capacity,declared_shift,,1009,projected_queue_observation_only,-45.08,19.0,95.0,0.0,,,,,
reduced_capacity,declared_shift,,1010,projected_queue_observation_only,-44.26,19.0,96.0,0.0,,,,,
reduced_capacity,declared_shift,,1011,projected_queue_observation_only,-41.36,18.0,94.0,0.0,,,,,
reduced_capacity,declared_shift,,1012,projected_queue_observation_only,-39.1,18.0,95.0,0.0,,,,,
reduced_capacity,declared_shift,,1013,projected_queue_observation_only,-51.88,20.0,94.0,0.0,,,,,
reduced_capacity,declared_shift,,1014,projected_queue_observation_only,-44.62,19.0,96.0,0.0,,,,,
reduced_capacity,declared_shift,,1015,projected_queue_observation_only,-38.64,18.0,96.0,0.0,,,,,
reduced_capacity,declared_shift,,1016,projected_queue_observation_only,-44.26,19.0,96.0,0.0,,,,,
reduced_capacity,declared_shift,,1017,projected_queue_observation_only,-45.16,19.0,96.0,0.0,,,,,
reduced_capacity,declared_shift,,1018,projected_queue_observation_only,-40.72,18.0,95.0,0.0,,,,,
reduced_capacity,declared_shift,,1019,projected_queue_observation_only,-41.36,18.0,94.0,0.0,,,,,
reduced_capacity,declared_shift,,1020,projected_queue_observation_only,-45.52,19.0,96.0,0.0,,,,,
reduced_capacity,declared_shift,,1021,projected_queue_observation_only,-39.1,18.0,95.0,0.0,,,,,
reduced_capacity,declared_shift,,1022,projected_queue_observation_only,-40.36,18.0,95.0,0.0,,,,,
reduced_capacity,declared_shift,,1023,projected_queue_observation_only,-53.52,20.0,92.0,0.0,,,,,
reduced_capacity,declared_shift,,1024,projected_queue_observation_only,-44.26,19.0,96.0,0.0,,,,,
reduced_capacity,declared_shift,,1025,projected_queue_observation_only,-50.24,20.0,96.0,0.0,,,,,
reduced_capacity,declared_shift,,1026,projected_queue_observation_only,-45.08,19.0,95.0,0.0,,,,,
reduced_capacity,declared_shift,,1027,projected_queue_observation_only,-39.1,18.0,95.0,0.0,,,,,
reduced_capacity,declared_shift,,1028,projected_queue_observation_only,-54.8,20.0,90.0,0.0,,,,,
reduced_capacity,declared_shift,,1029,projected_queue_observation_only,-44.26,19.0,96.0,0.0,,,,,
reduced_capacity,declared_shift,,1030,projected_queue_observation_only,-54.52,20.0,91.0,0.0,,,,,
reduced_capacity,declared_shift,,1031,projected_queue_observation_only,-50.52,20.0,95.0,0.0,,,,,
reduced_capacity,declared_shift,,1032,projected_queue_observation_only,-45.52,19.0,96.0,0.0,,,,,
reduced_capacity,declared_shift,,1033,projected_queue_observation_only,-50.24,20.0,96.0,0.0,,,,,
reduced_capacity,declared_shift,,1034,projected_queue_observation_only,-54.8,20.0,90.0,0.0,,,,,
reduced_capacity,declared_shift,,1035,projected_queue_observation_only,-46.26,19.0,94.0,0.0,,,,,
reduced_capacity,declared_shift,,1036,projected_queue_observation_only,-41.36,18.0,94.0,0.0,,,,,
reduced_capacity,declared_shift,,1037,projected_queue_observation_only,-54.52,20.0,91.0,0.0,,,,,
reduced_capacity,declared_shift,,1038,projected_queue_observation_only,-47.52,19.0,94.0,0.0,,,,,
reduced_capacity,declared_shift,,1039,projected_queue_observation_only,-44.26,19.0,96.0,0.0,,,,,
reduced_capacity,declared_shift,0.6,1000,dqn_ensemble_vote_gate_0.6,-42.06,20.0,95.0,0.0,0.0,0.904166667,0.729166667,3.38,1.0
reduced_capacity,declared_shift,0.6,1001,dqn_ensemble_vote_gate_0.6,-39.22,19.0,96.0,0.0,0.0,0.904166667,0.729166667,6.3,0.0
reduced_capacity,declared_shift,0.6,1002,dqn_ensemble_vote_gate_0.6,-50.22,21.0,93.0,0.0,0.0,0.89787234,0.723404255,-1.06,1.0
reduced_capacity,declared_shift,0.6,1003,dqn_ensemble_vote_gate_0.6,-45.7,20.0,91.0,0.0,0.0,0.90212766,0.723404255,1.82,1.0
reduced_capacity,declared_shift,0.6,1004,dqn_ensemble_vote_gate_0.6,-36.08,19.0,95.0,0.0,0.0,0.895833333,0.6875,3.02,1.0
reduced_capacity,declared_shift,0.6,1005,dqn_ensemble_vote_gate_0.6,-48.22,20.0,91.0,0.0,0.0,0.906382979,0.744680851,6.3,0.0
reduced_capacity,declared_shift,0.6,1006,dqn_ensemble_vote_gate_0.6,-35.62,19.0,96.0,0.0,0.0,0.895833333,0.708333333,3.02,1.0
reduced_capacity,declared_shift,0.6,1007,dqn_ensemble_vote_gate_0.6,-42.88,20.0,94.0,0.0,0.0,0.904166667,0.729166667,3.38,1.0
reduced_capacity,declared_shift,0.6,1008,dqn_ensemble_vote_gate_0.6,-45.7,20.0,91.0,0.0,0.0,0.90212766,0.723404255,1.82,1.0
reduced_capacity,declared_shift,0.6,1009,dqn_ensemble_vote_gate_0.6,-33.24,18.0,96.0,0.0,0.0,0.9,0.729166667,11.84,-1.0
reduced_capacity,declared_shift,0.6,1010,dqn_ensemble_vote_gate_0.6,-45.32,20.0,93.0,0.0,0.0,0.89787234,0.723404255,-1.06,1.0
reduced_capacity,declared_shift,0.6,1011,dqn_ensemble_vote_gate_0.6,-44.68,20.0,94.0,0.0,0.0,0.9,0.729166667,-3.32,2.0
reduced_capacity,declared_shift,0.6,1012,dqn_ensemble_vote_gate_0.6,-36.08,19.0,95.0,0.0,0.0,0.895833333,0.6875,3.02,1.0
reduced_capacity,declared_shift,0.6,1013,dqn_ensemble_vote_gate_0.6,-33.96,18.0,96.0,0.0,0.0,0.908333333,0.75,17.92,-2.0
reduced_capacity,declared_shift,0.6,1014,dqn_ensemble_vote_gate_0.6,-38.32,19.0,96.0,0.0,0.0,0.895833333,0.708333333,6.3,0.0
reduced_capacity,declared_shift,0.6,1015,dqn_ensemble_vote_gate_0.6,-35.62,19.0,96.0,0.0,0.0,0.895833333,0.708333333,3.02,1.0
reduced_capacity,declared_shift,0.6,1016,dqn_ensemble_vote_gate_0.6,-45.32,20.0,93.0,0.0,0.0,0.89787234,0.723404255,-1.06,1.0
reduced_capacity,declared_shift,0.6,1017,dqn_ensemble_vote_gate_0.6,-45.78,20.0,92.0,0.0,0.0,0.895652174,0.717391304,-0.62,1.0
reduced_capacity,declared_shift,0.6,1018,dqn_ensemble_vote_gate_0.6,-37.52,19.0,95.0,0.0,0.0,0.895833333,0.708333333,3.2,1.0
reduced_capacity,declared_shift,0.6,1019,dqn_ensemble_vote_gate_0.6,-44.68,20.0,94.0,0.0,0.0,0.9,0.729166667,-3.32,2.0
reduced_capacity,declared_shift,0.6,1020,dqn_ensemble_vote_gate_0.6,-39.22,19.0,96.0,0.0,0.0,0.904166667,0.729166667,6.3,0.0
reduced_capacity,declared_shift,0.6,1021,dqn_ensemble_vote_gate_0.6,-34.78,18.0,95.0,0.0,0.0,0.908333333,0.75,4.32,0.0
reduced_capacity,declared_shift,0.6,1022,dqn_ensemble_vote_gate_0.6,-37.16,19.0,95.0,0.0,0.0,0.9,0.708333333,3.2,1.0
reduced_capacity,declared_shift,0.6,1023,dqn_ensemble_vote_gate_0.6,-47.22,20.0,92.0,0.0,0.0,0.906382979,0.744680851,6.3,0.0
reduced_capacity,declared_shift,0.6,1024,dqn_ensemble_vote_gate_0.6,-45.32,20.0,93.0,0.0,0.0,0.89787234,0.723404255,-1.06,1.0
reduced_capacity,declared_shift,0.6,1025,dqn_ensemble_vote_gate_0.6,-46.16,20.0,90.0,0.0,0.0,0.904347826,0.739130435,4.08,0.0
reduced_capacity,declared_shift,0.6,1026,dqn_ensemble_vote_gate_0.6,-33.24,18.0,96.0,0.0,0.0,0.9,0.729166667,11.84,-1.0
reduced_capacity,declared_shift,0.6,1027,dqn_ensemble_vote_gate_0.6,-36.08,19.0,95.0,0.0,0.0,0.895833333,0.6875,3.02,1.0
reduced_capacity,declared_shift,0.6,1028,dqn_ensemble_vote_gate_0.6,-48.5,20.0,90.0,0.0,0.0,0.904347826,0.739130435,6.3,0.0
reduced_capacity,declared_shift,0.6,1029,dqn_ensemble_vote_gate_0.6,-45.32,20.0,93.0,0.0,0.0,0.89787234,0.723404255,-1.06,1.0
reduced_capacity,declared_shift,0.6,1030,dqn_ensemble_vote_gate_0.6,-48.22,20.0,91.0,0.0,0.0,0.906382979,0.744680851,6.3,0.0
reduced_capacity,declared_shift,0.6,1031,dqn_ensemble_vote_gate_0.6,-46.44,20.0,89.0,0.0,0.0,0.902222222,0.733333333,4.08,0.0
reduced_capacity,declared_shift,0.6,1032,dqn_ensemble_vote_gate_0.6,-43.7,20.0,93.0,0.0,0.0,0.90212766,0.723404255,1.82,1.0
reduced_capacity,declared_shift,0.6,1033,dqn_ensemble_vote_gate_0.6,-46.16,20.0,90.0,0.0,0.0,0.904347826,0.739130435,4.08,0.0
reduced_capacity,declared_shift,0.6,1034,dqn_ensemble_vote_gate_0.6,-48.5,20.0,90.0,0.0,0.0,0.904347826,0.739130435,6.3,0.0
reduced_capacity,declared_shift,0.6,1035,dqn_ensemble_vote_gate_0.6,-42.88,20.0,94.0,0.0,0.0,0.904166667,0.729166667,3.38,1.0
reduced_capacity,declared_shift,0.6,1036,dqn_ensemble_vote_gate_0.6,-44.68,20.0,94.0,0.0,0.0,0.9,0.729166667,-3.32,2.0
reduced_capacity,declared_shift,0.6,1037,dqn_ensemble_vote_gate_0.6,-48.22,20.0,91.0,0.0,0.0,0.906382979,0.744680851,6.3,0.0
reduced_capacity,declared_shift,0.6,1038,dqn_ensemble_vote_gate_0.6,-45.7,20.0,91.0,0.0,0.0,0.90212766,0.723404255,1.82,1.0
reduced_capacity,declared_shift,0.6,1039,dqn_ensemble_vote_gate_0.6,-45.32,20.0,93.0,0.0,0.0,0.89787234,0.723404255,-1.06,1.0
reduced_capacity,declared_shift,0.8,1000,dqn_ensemble_vote_gate_0.8,-45.44,19.0,95.0,0.0,0.229166667,0.9,0.729166667,0.0,0.0
reduced_capacity,declared_shift,0.8,1001,dqn_ensemble_vote_gate_0.8,-43.54,19.0,96.0,0.0,0.208333333,0.904166667,0.729166667,1.98,0.0
reduced_capacity,declared_shift,0.8,1002,dqn_ensemble_vote_gate_0.8,-49.16,20.0,96.0,0.0,0.229166667,0.9,0.729166667,0.0,0.0
reduced_capacity,declared_shift,0.8,1003,dqn_ensemble_vote_gate_0.8,-47.52,19.0,94.0,0.0,0.25,0.891666667,0.708333333,0.0,0.0
reduced_capacity,declared_shift,0.8,1004,dqn_ensemble_vote_gate_0.8,-39.1,18.0,95.0,0.0,0.229166667,0.891666667,0.6875,0.0,0.0
reduced_capacity,declared_shift,0.8,1005,dqn_ensemble_vote_gate_0.8,-52.54,20.0,91.0,0.0,0.212765957,0.906382979,0.744680851,1.98,0.0
reduced_capacity,declared_shift,0.8,1006,dqn_ensemble_vote_gate_0.8,-38.64,18.0,96.0,0.0,0.25,0.891666667,0.708333333,0.0,0.0
reduced_capacity,declared_shift,0.8,1007,dqn_ensemble_vote_gate_0.8,-46.26,19.0,94.0,0.0,0.229166667,0.9,0.729166667,0.0,0.0
reduced_capacity,declared_shift,0.8,1008,dqn_ensemble_vote_gate_0.8,-47.52,19.0,94.0,0.0,0.25,0.891666667,0.708333333,0.0,0.0
reduced_capacity,declared_shift,0.8,1009,dqn_ensemble_vote_gate_0.8,-37.56,18.0,96.0,0.0,0.229166667,0.9,0.729166667,7.52,-1.0
reduced_capacity,declared_shift,0.8,1010,dqn_ensemble_vote_gate_0.8,-44.26,19.0,96.0,0.0,0.229166667,0.9,0.729166667,0.0,0.0
reduced_capacity,declared_shift,0.8,1011,dqn_ensemble_vote_gate_0.8,-41.36,18.0,94.0,0.0,0.229166667,0.9,0.729166667,0.0,0.0
reduced_capacity,declared_shift,0.8,1012,dqn_ensemble_vote_gate_0.8,-39.1,18.0,95.0,0.0,0.229166667,0.891666667,0.6875,0.0,0.0
reduced_capacity,declared_shift,0.8,1013,dqn_ensemble_vote_gate_0.8,-38.28,18.0,96.0,0.0,0.208333333,0.908333333,0.75,13.6,-2.0
reduced_capacity,declared_shift,0.8,1014,dqn_ensemble_vote_gate_0.8,-42.64,19.0,96.0,0.0,0.229166667,0.895833333,0.708333333,1.98,0.0
reduced_capacity,declared_shift,0.8,1015,dqn_ensemble_vote_gate_0.8,-38.64,18.0,96.0,0.0,0.25,0.891666667,0.708333333,0.0,0.0
reduced_capacity,declared_shift,0.8,1016,dqn_ensemble_vote_gate_0.8,-44.26,19.0,96.0,0.0,0.229166667,0.9,0.729166667,0.0,0.0
reduced_capacity,declared_shift,0.8,1017,dqn_ensemble_vote_gate_0.8,-45.16,19.0,96.0,0.0,0.229166667,0.9,0.729166667,0.0,0.0
reduced_capacity,declared_shift,0.8,1018,dqn_ensemble_vote_gate_0.8,-40.72,18.0,95.0,0.0,0.25,0.891666667,0.708333333,0.0,0.0
reduced_capacity,declared_shift,0.8,1019,dqn_ensemble_vote_gate_0.8,-41.36,18.0,94.0,0.0,0.229166667,0.9,0.729166667,0.0,0.0
reduced_capacity,declared_shift,0.8,1020,dqn_ensemble_vote_gate_0.8,-43.54,19.0,96.0,0.0,0.208333333,0.904166667,0.729166667,1.98,0.0
reduced_capacity,declared_shift,0.8,1021,dqn_ensemble_vote_gate_0.8,-39.1,18.0,95.0,0.0,0.208333333,0.908333333,0.75,0.0,0.0
reduced_capacity,declared_shift,0.8,1022,dqn_ensemble_vote_gate_0.8,-40.36,18.0,95.0,0.0,0.229166667,0.895833333,0.708333333,0.0,0.0
reduced_capacity,declared_shift,0.8,1023,dqn_ensemble_vote_gate_0.8,-51.54,20.0,92.0,0.0,0.212765957,0.906382979,0.744680851,1.98,0.0
reduced_capacity,declared_shift,0.8,1024,dqn_ensemble_vote_gate_0.8,-44.26,19.0,96.0,0.0,0.229166667,0.9,0.729166667,0.0,0.0
reduced_capacity,declared_shift,0.8,1025,dqn_ensemble_vote_gate_0.8,-50.24,20.0,96.0,0.0,0.25,0.895833333,0.729166667,0.0,0.0
reduced_capacity,declared_shift,0.8,1026,dqn_ensemble_vote_gate_0.8,-37.56,18.0,96.0,0.0,0.229166667,0.9,0.729166667,7.52,-1.0
reduced_capacity,declared_shift,0.8,1027,dqn_ensemble_vote_gate_0.8,-39.1,18.0,95.0,0.0,0.229166667,0.891666667,0.6875,0.0,0.0
reduced_capacity,declared_shift,0.8,1028,dqn_ensemble_vote_gate_0.8,-52.82,20.0,90.0,0.0,0.217391304,0.904347826,0.739130435,1.98,0.0
reduced_capacity,declared_shift,0.8,1029,dqn_ensemble_vote_gate_0.8,-44.26,19.0,96.0,0.0,0.229166667,0.9,0.729166667,0.0,0.0
reduced_capacity,declared_shift,0.8,1030,dqn_ensemble_vote_gate_0.8,-52.54,20.0,91.0,0.0,0.212765957,0.906382979,0.744680851,1.98,0.0
reduced_capacity,declared_shift,0.8,1031,dqn_ensemble_vote_gate_0.8,-50.52,20.0,95.0,0.0,0.255319149,0.893617021,0.723404255,0.0,0.0
reduced_capacity,declared_shift,0.8,1032,dqn_ensemble_vote_gate_0.8,-45.52,19.0,96.0,0.0,0.25,0.891666667,0.708333333,0.0,0.0
reduced_capacity,declared_shift,0.8,1033,dqn_ensemble_vote_gate_0.8,-50.24,20.0,96.0,0.0,0.25,0.895833333,0.729166667,0.0,0.0
reduced_capacity,declared_shift,0.8,1034,dqn_ensemble_vote_gate_0.8,-52.82,20.0,90.0,0.0,0.217391304,0.904347826,0.739130435,1.98,0.0
reduced_capacity,declared_shift,0.8,1035,dqn_ensemble_vote_gate_0.8,-46.26,19.0,94.0,0.0,0.229166667,0.9,0.729166667,0.0,0.0
reduced_capacity,declared_shift,0.8,1036,dqn_ensemble_vote_gate_0.8,-41.36,18.0,94.0,0.0,0.229166667,0.9,0.729166667,0.0,0.0
reduced_capacity,declared_shift,0.8,1037,dqn_ensemble_vote_gate_0.8,-52.54,20.0,91.0,0.0,0.212765957,0.906382979,0.744680851,1.98,0.0
reduced_capacity,declared_shift,0.8,1038,dqn_ensemble_vote_gate_0.8,-47.52,19.0,94.0,0.0,0.25,0.891666667,0.708333333,0.0,0.0
reduced_capacity,declared_shift,0.8,1039,dqn_ensemble_vote_gate_0.8,-44.26,19.0,96.0,0.0,0.229166667,0.9,0.729166667,0.0,0.0
reduced_capacity,declared_shift,1.0,1000,dqn_ensemble_vote_gate_1,-45.44,19.0,95.0,0.0,0.270833333,0.9,0.729166667,0.0,0.0
reduced_capacity,declared_shift,1.0,1001,dqn_ensemble_vote_gate_1,-43.54,19.0,96.0,0.0,0.270833333,0.904166667,0.729166667,1.98,0.0
reduced_capacity,declared_shift,1.0,1002,dqn_ensemble_vote_gate_1,-49.16,20.0,96.0,0.0,0.270833333,0.9,0.729166667,0.0,0.0
reduced_capacity,declared_shift,1.0,1003,dqn_ensemble_vote_gate_1,-47.52,19.0,94.0,0.0,0.291666667,0.891666667,0.708333333,0.0,0.0
reduced_capacity,declared_shift,1.0,1004,dqn_ensemble_vote_gate_1,-39.1,18.0,95.0,0.0,0.3125,0.891666667,0.6875,0.0,0.0
reduced_capacity,declared_shift,1.0,1005,dqn_ensemble_vote_gate_1,-52.54,20.0,91.0,0.0,0.255319149,0.906382979,0.744680851,1.98,0.0
reduced_capacity,declared_shift,1.0,1006,dqn_ensemble_vote_gate_1,-38.64,18.0,96.0,0.0,0.291666667,0.891666667,0.708333333,0.0,0.0
reduced_capacity,declared_shift,1.0,1007,dqn_ensemble_vote_gate_1,-46.26,19.0,94.0,0.0,0.270833333,0.9,0.729166667,0.0,0.0
reduced_capacity,declared_shift,1.0,1008,dqn_ensemble_vote_gate_1,-47.52,19.0,94.0,0.0,0.291666667,0.891666667,0.708333333,0.0,0.0
reduced_capacity,declared_shift,1.0,1009,dqn_ensemble_vote_gate_1,-37.56,18.0,96.0,0.0,0.270833333,0.9,0.729166667,7.52,-1.0
reduced_capacity,declared_shift,1.0,1010,dqn_ensemble_vote_gate_1,-44.26,19.0,96.0,0.0,0.270833333,0.9,0.729166667,0.0,0.0
reduced_capacity,declared_shift,1.0,1011,dqn_ensemble_vote_gate_1,-41.36,18.0,94.0,0.0,0.270833333,0.9,0.729166667,0.0,0.0
reduced_capacity,declared_shift,1.0,1012,dqn_ensemble_vote_gate_1,-39.1,18.0,95.0,0.0,0.3125,0.891666667,0.6875,0.0,0.0
reduced_capacity,declared_shift,1.0,1013,dqn_ensemble_vote_gate_1,-38.28,18.0,96.0,0.0,0.25,0.908333333,0.75,13.6,-2.0
reduced_capacity,declared_shift,1.0,1014,dqn_ensemble_vote_gate_1,-42.64,19.0,96.0,0.0,0.291666667,0.895833333,0.708333333,1.98,0.0
reduced_capacity,declared_shift,1.0,1015,dqn_ensemble_vote_gate_1,-38.64,18.0,96.0,0.0,0.291666667,0.891666667,0.708333333,0.0,0.0
reduced_capacity,declared_shift,1.0,1016,dqn_ensemble_vote_gate_1,-44.26,19.0,96.0,0.0,0.270833333,0.9,0.729166667,0.0,0.0
reduced_capacity,declared_shift,1.0,1017,dqn_ensemble_vote_gate_1,-45.16,19.0,96.0,0.0,0.270833333,0.9,0.729166667,0.0,0.0
reduced_capacity,declared_shift,1.0,1018,dqn_ensemble_vote_gate_1,-40.72,18.0,95.0,0.0,0.291666667,0.891666667,0.708333333,0.0,0.0
reduced_capacity,declared_shift,1.0,1019,dqn_ensemble_vote_gate_1,-41.36,18.0,94.0,0.0,0.270833333,0.9,0.729166667,0.0,0.0
reduced_capacity,declared_shift,1.0,1020,dqn_ensemble_vote_gate_1,-43.54,19.0,96.0,0.0,0.270833333,0.904166667,0.729166667,1.98,0.0
reduced_capacity,declared_shift,1.0,1021,dqn_ensemble_vote_gate_1,-39.1,18.0,95.0,0.0,0.25,0.908333333,0.75,0.0,0.0
reduced_capacity,declared_shift,1.0,1022,dqn_ensemble_vote_gate_1,-40.36,18.0,95.0,0.0,0.291666667,0.895833333,0.708333333,0.0,0.0
reduced_capacity,declared_shift,1.0,1023,dqn_ensemble_vote_gate_1,-51.54,20.0,92.0,0.0,0.255319149,0.906382979,0.744680851,1.98,0.0
reduced_capacity,declared_shift,1.0,1024,dqn_ensemble_vote_gate_1,-44.26,19.0,96.0,0.0,0.270833333,0.9,0.729166667,0.0,0.0
reduced_capacity,declared_shift,1.0,1025,dqn_ensemble_vote_gate_1,-50.24,20.0,96.0,0.0,0.270833333,0.895833333,0.729166667,0.0,0.0
reduced_capacity,declared_shift,1.0,1026,dqn_ensemble_vote_gate_1,-37.56,18.0,96.0,0.0,0.270833333,0.9,0.729166667,7.52,-1.0
reduced_capacity,declared_shift,1.0,1027,dqn_ensemble_vote_gate_1,-39.1,18.0,95.0,0.0,0.3125,0.891666667,0.6875,0.0,0.0
reduced_capacity,declared_shift,1.0,1028,dqn_ensemble_vote_gate_1,-52.82,20.0,90.0,0.0,0.260869565,0.904347826,0.739130435,1.98,0.0
reduced_capacity,declared_shift,1.0,1029,dqn_ensemble_vote_gate_1,-44.26,19.0,96.0,0.0,0.270833333,0.9,0.729166667,0.0,0.0
reduced_capacity,declared_shift,1.0,1030,dqn_ensemble_vote_gate_1,-52.54,20.0,91.0,0.0,0.255319149,0.906382979,0.744680851,1.98,0.0
reduced_capacity,declared_shift,1.0,1031,dqn_ensemble_vote_gate_1,-50.52,20.0,95.0,0.0,0.276595745,0.893617021,0.723404255,0.0,0.0
reduced_capacity,declared_shift,1.0,1032,dqn_ensemble_vote_gate_1,-45.52,19.0,96.0,0.0,0.291666667,0.891666667,0.708333333,0.0,0.0
reduced_capacity,declared_shift,1.0,1033,dqn_ensemble_vote_gate_1,-50.24,20.0,96.0,0.0,0.270833333,0.895833333,0.729166667,0.0,0.0
reduced_capacity,declared_shift,1.0,1034,dqn_ensemble_vote_gate_1,-52.82,20.0,90.0,0.0,0.260869565,0.904347826,0.739130435,1.98,0.0
reduced_capacity,declared_shift,1.0,1035,dqn_ensemble_vote_gate_1,-46.26,19.0,94.0,0.0,0.270833333,0.9,0.729166667,0.0,0.0
reduced_capacity,declared_shift,1.0,1036,dqn_ensemble_vote_gate_1,-41.36,18.0,94.0,0.0,0.270833333,0.9,0.729166667,0.0,0.0
reduced_capacity,declared_shift,1.0,1037,dqn_ensemble_vote_gate_1,-52.54,20.0,91.0,0.0,0.255319149,0.906382979,0.744680851,1.98,0.0
reduced_capacity,declared_shift,1.0,1038,dqn_ensemble_vote_gate_1,-47.52,19.0,94.0,0.0,0.291666667,0.891666667,0.708333333,0.0,0.0
reduced_capacity,declared_shift,1.0,1039,dqn_ensemble_vote_gate_1,-44.26,19.0,96.0,0.0,0.270833333,0.9,0.729166667,0.0,0.0
shifted_service_asymmetry,declared_shift,,1000,projected_queue_observation_only,-106.5,20.0,77.0,0.0,,,,,
shifted_service_asymmetry,declared_shift,,1001,projected_queue_observation_only,-109.94,20.0,75.0,0.0,,,,,
shifted_service_asymmetry,declared_shift,,1002,projected_queue_observation_only,-108.48,20.0,77.0,0.0,,,,,
shifted_service_asymmetry,declared_shift,,1003,projected_queue_observation_only,-107.66,20.0,78.0,0.0,,,,,
shifted_service_asymmetry,declared_shift,,1004,projected_queue_observation_only,-105.04,20.0,79.0,0.0,,,,,
shifted_service_asymmetry,declared_shift,,1005,projected_queue_observation_only,-109.14,20.0,74.0,0.0,,,,,
shifted_service_asymmetry,declared_shift,,1006,projected_queue_observation_only,-112.64,21.0,79.0,0.0,,,,,
shifted_service_asymmetry,declared_shift,,1007,projected_queue_observation_only,-107.5,20.0,76.0,0.0,,,,,
shifted_service_asymmetry,declared_shift,,1008,projected_queue_observation_only,-107.66,20.0,78.0,0.0,,,,,
shifted_service_asymmetry,declared_shift,,1009,projected_queue_observation_only,-104.22,20.0,80.0,0.0,,,,,
shifted_service_asymmetry,declared_shift,,1010,projected_queue_observation_only,-108.94,20.0,76.0,0.0,,,,,
shifted_service_asymmetry,declared_shift,,1011,projected_queue_observation_only,-108.3,20.0,77.0,0.0,,,,,
shifted_service_asymmetry,declared_shift,,1012,projected_queue_observation_only,-105.04,20.0,79.0,0.0,,,,,
shifted_service_asymmetry,declared_shift,,1013,projected_queue_observation_only,-106.68,20.0,77.0,0.0,,,,,
shifted_service_asymmetry,declared_shift,,1014,projected_queue_observation_only,-111.82,21.0,80.0,0.0,,,,,
shifted_service_asymmetry,declared_shift,,1015,projected_queue_observation_only,-112.64,21.0,79.0,0.0,,,,,
shifted_service_asymmetry,declared_shift,,1016,projected_queue_observation_only,-108.94,20.0,76.0,0.0,,,,,
shifted_service_asymmetry,declared_shift,,1017,projected_queue_observation_only,-109.58,20.0,75.0,0.0,,,,,
shifted_service_asymmetry,declared_shift,,1018,projected_queue_observation_only,-114.46,21.0,77.0,0.0,,,,,
shifted_service_asymmetry,declared_shift,,1019,projected_queue_observation_only,-108.3,20.0,77.0,0.0,,,,,
shifted_service_asymmetry,declared_shift,,1020,projected_queue_observation_only,-109.94,20.0,75.0,0.0,,,,,
shifted_service_asymmetry,declared_shift,,1021,projected_queue_observation_only,-104.84,20.0,81.0,0.0,,,,,
shifted_service_asymmetry,declared_shift,,1022,projected_queue_observation_only,-106.04,20.0,78.0,0.0,,,,,
shifted_service_asymmetry,declared_shift,,1023,projected_queue_observation_only,-116.2,21.0,74.0,0.0,,,,,
shifted_service_asymmetry,declared_shift,,1024,projected_queue_observation_only,-108.94,20.0,76.0,0.0,,,,,
shifted_service_asymmetry,declared_shift,,1025,projected_queue_observation_only,-108.12,20.0,77.0,0.0,,,,,
shifted_service_asymmetry,declared_shift,,1026,projected_queue_observation_only,-104.22,20.0,80.0,0.0,,,,,
shifted_service_asymmetry,declared_shift,,1027,projected_queue_observation_only,-105.04,20.0,79.0,0.0,,,,,
shifted_service_asymmetry,declared_shift,,1028,projected_queue_observation_only,-109.42,20.0,73.0,0.0,,,,,
shifted_service_asymmetry,declared_shift,,1029,projected_queue_observation_only,-108.94,20.0,76.0,0.0,,,,,
shifted_service_asymmetry,declared_shift,,1030,projected_queue_observation_only,-109.14,20.0,74.0,0.0,,,,,
shifted_service_asymmetry,declared_shift,,1031,projected_queue_observation_only,-110.7,20.0,71.0,0.0,,,,,
shifted_service_asymmetry,declared_shift,,1032,projected_queue_observation_only,-115.84,21.0,74.0,0.0,,,,,
shifted_service_asymmetry,declared_shift,,1033,projected_queue_observation_only,-108.12,20.0,77.0,0.0,,,,,
shifted_service_asymmetry,declared_shift,,1034,projected_queue_observation_only,-109.42,20.0,73.0,0.0,,,,,
shifted_service_asymmetry,declared_shift,,1035,projected_queue_observation_only,-107.5,20.0,76.0,0.0,,,,,
shifted_service_asymmetry,declared_shift,,1036,projected_queue_observation_only,-108.3,20.0,77.0,0.0,,,,,
shifted_service_asymmetry,declared_shift,,1037,projected_queue_observation_only,-109.14,20.0,74.0,0.0,,,,,
shifted_service_asymmetry,declared_shift,,1038,projected_queue_observation_only,-107.66,20.0,78.0,0.0,,,,,
shifted_service_asymmetry,declared_shift,,1039,projected_queue_observation_only,-108.94,20.0,76.0,0.0,,,,,
shifted_service_asymmetry,declared_shift,0.6,1000,dqn_ensemble_vote_gate_0.6,-108.76,21.0,80.0,0.0,0.0,0.946666667,0.755555556,-2.26,1.0
shifted_service_asymmetry,declared_shift,0.6,1001,dqn_ensemble_vote_gate_0.6,-106.62,20.0,74.0,0.0,0.0,0.952380952,0.761904762,3.32,0.0
shifted_service_asymmetry,declared_shift,0.6,1002,dqn_ensemble_vote_gate_0.6,-111.42,21.0,75.0,0.0,0.0,0.930232558,0.720930233,-2.94,1.0
shifted_service_asymmetry,declared_shift,0.6,1003,dqn_ensemble_vote_gate_0.6,-103.62,20.0,77.0,0.0,0.0,0.936363636,0.704545455,4.04,0.0
shifted_service_asymmetry,declared_shift,0.6,1004,dqn_ensemble_vote_gate_0.6,-107.3,21.0,82.0,0.0,0.0,0.944680851,0.765957447,-2.26,1.0
shifted_service_asymmetry,declared_shift,0.6,1005,dqn_ensemble_vote_gate_0.6,-111.4,21.0,77.0,0.0,0.0,0.95,0.772727273,-2.26,1.0
shifted_service_asymmetry,declared_shift,0.6,1006,dqn_ensemble_vote_gate_0.6,-104.96,20.0,78.0,0.0,0.0,0.937777778,0.733333333,7.68,-1.0
shifted_service_asymmetry,declared_shift,0.6,1007,dqn_ensemble_vote_gate_0.6,-109.76,21.0,79.0,0.0,0.0,0.946666667,0.755555556,-2.26,1.0
shifted_service_asymmetry,declared_shift,0.6,1008,dqn_ensemble_vote_gate_0.6,-103.62,20.0,77.0,0.0,0.0,0.936363636,0.704545455,4.04,0.0
shifted_service_asymmetry,declared_shift,0.6,1009,dqn_ensemble_vote_gate_0.6,-106.48,21.0,83.0,0.0,0.0,0.944680851,0.765957447,-2.26,1.0
shifted_service_asymmetry,declared_shift,0.6,1010,dqn_ensemble_vote_gate_0.6,-104.9,20.0,75.0,0.0,0.0,0.930232558,0.697674419,4.04,0.0
shifted_service_asymmetry,declared_shift,0.6,1011,dqn_ensemble_vote_gate_0.6,-104.26,20.0,76.0,0.0,0.0,0.931818182,0.704545455,4.04,0.0
shifted_service_asymmetry,declared_shift,0.6,1012,dqn_ensemble_vote_gate_0.6,-107.3,21.0,82.0,0.0,0.0,0.944680851,0.765957447,-2.26,1.0
shifted_service_asymmetry,declared_shift,0.6,1013,dqn_ensemble_vote_gate_0.6,-107.68,21.0,80.0,0.0,0.0,0.933333333,0.711111111,-1.0,1.0
shifted_service_asymmetry,declared_shift,0.6,1014,dqn_ensemble_vote_gate_0.6,-104.14,20.0,79.0,0.0,0.0,0.937777778,0.733333333,7.68,-1.0
shifted_service_asymmetry,declared_shift,0.6,1015,dqn_ensemble_vote_gate_0.6,-104.96,20.0,78.0,0.0,0.0,0.937777778,0.733333333,7.68,-1.0
shifted_service_asymmetry,declared_shift,0.6,1016,dqn_ensemble_vote_gate_0.6,-104.9,20.0,75.0,0.0,0.0,0.930232558,0.697674419,4.04,0.0
shifted_service_asymmetry,declared_shift,0.6,1017,dqn_ensemble_vote_gate_0.6,-105.54,20.0,74.0,0.0,0.0,0.938095238,0.714285714,4.04,0.0
shifted_service_asymmetry,declared_shift,0.6,1018,dqn_ensemble_vote_gate_0.6,-106.78,20.0,76.0,0.0,0.0,0.936363636,0.727272727,7.68,-1.0
shifted_service_asymmetry,declared_shift,0.6,1019,dqn_ensemble_vote_gate_0.6,-104.26,20.0,76.0,0.0,0.0,0.931818182,0.704545455,4.04,0.0
shifted_service_asymmetry,declared_shift,0.6,1020,dqn_ensemble_vote_gate_0.6,-106.62,20.0,74.0,0.0,0.0,0.952380952,0.761904762,3.32,0.0
shifted_service_asymmetry,declared_shift,0.6,1021,dqn_ensemble_vote_gate_0.6,-100.8,20.0,80.0,0.0,0.0,0.933333333,0.688888889,4.04,0.0
shifted_service_asymmetry,declared_shift,0.6,1022,dqn_ensemble_vote_gate_0.6,-108.3,21.0,81.0,0.0,0.0,0.947826087,0.782608696,-2.26,1.0
shifted_service_asymmetry,declared_shift,0.6,1023,dqn_ensemble_vote_gate_0.6,-108.52,20.0,73.0,0.0,0.0,0.942857143,0.738095238,7.68,-1.0
shifted_service_asymmetry,declared_shift,0.6,1024,dqn_ensemble_vote_gate_0.6,-104.9,20.0,75.0,0.0,0.0,0.930232558,0.697674419,4.04,0.0
shifted_service_asymmetry,declared_shift,0.6,1025,dqn_ensemble_vote_gate_0.6,-104.08,20.0,76.0,0.0,0.0,0.939534884,0.720930233,4.04,0.0
shifted_service_asymmetry,declared_shift,0.6,1026,dqn_ensemble_vote_gate_0.6,-106.48,21.0,83.0,0.0,0.0,0.944680851,0.765957447,-2.26,1.0
shifted_service_asymmetry,declared_shift,0.6,1027,dqn_ensemble_vote_gate_0.6,-107.3,21.0,82.0,0.0,0.0,0.944680851,0.765957447,-2.26,1.0
shifted_service_asymmetry,declared_shift,0.6,1028,dqn_ensemble_vote_gate_0.6,-111.68,21.0,76.0,0.0,0.0,0.953488372,0.790697674,-2.26,1.0
shifted_service_asymmetry,declared_shift,0.6,1029,dqn_ensemble_vote_gate_0.6,-104.9,20.0,75.0,0.0,0.0,0.939534884,0.720930233,4.04,0.0
shifted_service_asymmetry,declared_shift,0.6,1030,dqn_ensemble_vote_gate_0.6,-111.4,21.0,77.0,0.0,0.0,0.95,0.772727273,-2.26,1.0
shifted_service_asymmetry,declared_shift,0.6,1031,dqn_ensemble_vote_gate_0.6,-112.96,21.0,74.0,0.0,0.0,0.952380952,0.785714286,-2.26,1.0
shifted_service_asymmetry,declared_shift,0.6,1032,dqn_ensemble_vote_gate_0.6,-106.72,20.0,73.0,0.0,0.0,0.952380952,0.785714286,9.12,-1.0
shifted_service_asymmetry,declared_shift,0.6,1033,dqn_ensemble_vote_gate_0.6,-104.08,20.0,76.0,0.0,0.0,0.939534884,0.720930233,4.04,0.0
shifted_service_asymmetry,declared_shift,0.6,1034,dqn_ensemble_vote_gate_0.6,-111.68,21.0,76.0,0.0,0.0,0.953488372,0.790697674,-2.26,1.0
shifted_service_asymmetry,declared_shift,0.6,1035,dqn_ensemble_vote_gate_0.6,-109.76,21.0,79.0,0.0,0.0,0.946666667,0.755555556,-2.26,1.0
shifted_service_asymmetry,declared_shift,0.6,1036,dqn_ensemble_vote_gate_0.6,-104.26,20.0,76.0,0.0,0.0,0.931818182,0.704545455,4.04,0.0
shifted_service_asymmetry,declared_shift,0.6,1037,dqn_ensemble_vote_gate_0.6,-111.4,21.0,77.0,0.0,0.0,0.95,0.772727273,-2.26,1.0
shifted_service_asymmetry,declared_shift,0.6,1038,dqn_ensemble_vote_gate_0.6,-103.62,20.0,77.0,0.0,0.0,0.936363636,0.704545455,4.04,0.0
shifted_service_asymmetry,declared_shift,0.6,1039,dqn_ensemble_vote_gate_0.6,-104.9,20.0,75.0,0.0,0.0,0.939534884,0.720930233,4.04,0.0
shifted_service_asymmetry,declared_shift,0.8,1000,dqn_ensemble_vote_gate_0.8,-108.76,21.0,80.0,0.0,0.022222222,0.946666667,0.755555556,-2.26,1.0
shifted_service_asymmetry,declared_shift,0.8,1001,dqn_ensemble_vote_gate_0.8,-106.62,20.0,74.0,0.0,0.0,0.952380952,0.761904762,3.32,0.0
shifted_service_asymmetry,declared_shift,0.8,1002,dqn_ensemble_vote_gate_0.8,-105.16,20.0,76.0,0.0,0.023255814,0.944186047,0.744186047,3.32,0.0
shifted_service_asymmetry,declared_shift,0.8,1003,dqn_ensemble_vote_gate_0.8,-103.62,20.0,77.0,0.0,0.022727273,0.936363636,0.704545455,4.04,0.0
shifted_service_asymmetry,declared_shift,0.8,1004,dqn_ensemble_vote_gate_0.8,-107.3,21.0,82.0,0.0,0.042553191,0.944680851,0.765957447,-2.26,1.0
shifted_service_asymmetry,declared_shift,0.8,1005,dqn_ensemble_vote_gate_0.8,-111.4,21.0,77.0,0.0,0.022727273,0.95,0.772727273,-2.26,1.0
shifted_service_asymmetry,declared_shift,0.8,1006,dqn_ensemble_vote_gate_0.8,-104.96,20.0,78.0,0.0,0.044444444,0.937777778,0.733333333,7.68,-1.0
shifted_service_asymmetry,declared_shift,0.8,1007,dqn_ensemble_vote_gate_0.8,-109.76,21.0,79.0,0.0,0.022222222,0.946666667,0.755555556,-2.26,1.0
shifted_service_asymmetry,declared_shift,0.8,1008,dqn_ensemble_vote_gate_0.8,-103.62,20.0,77.0,0.0,0.022727273,0.936363636,0.704545455,4.04,0.0
shifted_service_asymmetry,declared_shift,0.8,1009,dqn_ensemble_vote_gate_0.8,-106.48,21.0,83.0,0.0,0.042553191,0.944680851,0.765957447,-2.26,1.0
shifted_service_asymmetry,declared_shift,0.8,1010,dqn_ensemble_vote_gate_0.8,-104.9,20.0,75.0,0.0,0.046511628,0.930232558,0.697674419,4.04,0.0
shifted_service_asymmetry,declared_shift,0.8,1011,dqn_ensemble_vote_gate_0.8,-104.26,20.0,76.0,0.0,0.045454545,0.931818182,0.704545455,4.04,0.0
shifted_service_asymmetry,declared_shift,0.8,1012,dqn_ensemble_vote_gate_0.8,-107.3,21.0,82.0,0.0,0.042553191,0.944680851,0.765957447,-2.26,1.0
shifted_service_asymmetry,declared_shift,0.8,1013,dqn_ensemble_vote_gate_0.8,-109.12,21.0,80.0,0.0,0.044444444,0.937777778,0.733333333,-2.44,1.0
shifted_service_asymmetry,declared_shift,0.8,1014,dqn_ensemble_vote_gate_0.8,-104.14,20.0,79.0,0.0,0.044444444,0.937777778,0.733333333,7.68,-1.0
shifted_service_asymmetry,declared_shift,0.8,1015,dqn_ensemble_vote_gate_0.8,-104.96,20.0,78.0,0.0,0.044444444,0.937777778,0.733333333,7.68,-1.0
shifted_service_asymmetry,declared_shift,0.8,1016,dqn_ensemble_vote_gate_0.8,-104.9,20.0,75.0,0.0,0.046511628,0.930232558,0.697674419,4.04,0.0
shifted_service_asymmetry,declared_shift,0.8,1017,dqn_ensemble_vote_gate_0.8,-105.54,20.0,74.0,0.0,0.023809524,0.938095238,0.714285714,4.04,0.0
shifted_service_asymmetry,declared_shift,0.8,1018,dqn_ensemble_vote_gate_0.8,-106.78,20.0,76.0,0.0,0.045454545,0.936363636,0.727272727,7.68,-1.0
shifted_service_asymmetry,declared_shift,0.8,1019,dqn_ensemble_vote_gate_0.8,-104.26,20.0,76.0,0.0,0.045454545,0.931818182,0.704545455,4.04,0.0
shifted_service_asymmetry,declared_shift,0.8,1020,dqn_ensemble_vote_gate_0.8,-106.62,20.0,74.0,0.0,0.0,0.952380952,0.761904762,3.32,0.0
shifted_service_asymmetry,declared_shift,0.8,1021,dqn_ensemble_vote_gate_0.8,-100.8,20.0,80.0,0.0,0.022222222,0.933333333,0.688888889,4.04,0.0
shifted_service_asymmetry,declared_shift,0.8,1022,dqn_ensemble_vote_gate_0.8,-108.3,21.0,81.0,0.0,0.043478261,0.947826087,0.782608696,-2.26,1.0
shifted_service_asymmetry,declared_shift,0.8,1023,dqn_ensemble_vote_gate_0.8,-108.52,20.0,73.0,0.0,0.023809524,0.942857143,0.738095238,7.68,-1.0
shifted_service_asymmetry,declared_shift,0.8,1024,dqn_ensemble_vote_gate_0.8,-104.9,20.0,75.0,0.0,0.046511628,0.930232558,0.697674419,4.04,0.0
shifted_service_asymmetry,declared_shift,0.8,1025,dqn_ensemble_vote_gate_0.8,-104.08,20.0,76.0,0.0,0.023255814,0.939534884,0.720930233,4.04,0.0
shifted_service_asymmetry,declared_shift,0.8,1026,dqn_ensemble_vote_gate_0.8,-106.48,21.0,83.0,0.0,0.042553191,0.944680851,0.765957447,-2.26,1.0
shifted_service_asymmetry,declared_shift,0.8,1027,dqn_ensemble_vote_gate_0.8,-107.3,21.0,82.0,0.0,0.042553191,0.944680851,0.765957447,-2.26,1.0
shifted_service_asymmetry,declared_shift,0.8,1028,dqn_ensemble_vote_gate_0.8,-111.68,21.0,76.0,0.0,0.023255814,0.953488372,0.790697674,-2.26,1.0
shifted_service_asymmetry,declared_shift,0.8,1029,dqn_ensemble_vote_gate_0.8,-104.9,20.0,75.0,0.0,0.023255814,0.939534884,0.720930233,4.04,0.0
shifted_service_asymmetry,declared_shift,0.8,1030,dqn_ensemble_vote_gate_0.8,-111.4,21.0,77.0,0.0,0.022727273,0.95,0.772727273,-2.26,1.0
shifted_service_asymmetry,declared_shift,0.8,1031,dqn_ensemble_vote_gate_0.8,-112.96,21.0,74.0,0.0,0.023809524,0.952380952,0.785714286,-2.26,1.0
shifted_service_asymmetry,declared_shift,0.8,1032,dqn_ensemble_vote_gate_0.8,-108.16,20.0,73.0,0.0,0.023809524,0.952380952,0.785714286,7.68,-1.0
shifted_service_asymmetry,declared_shift,0.8,1033,dqn_ensemble_vote_gate_0.8,-104.08,20.0,76.0,0.0,0.023255814,0.939534884,0.720930233,4.04,0.0
shifted_service_asymmetry,declared_shift,0.8,1034,dqn_ensemble_vote_gate_0.8,-111.68,21.0,76.0,0.0,0.023255814,0.953488372,0.790697674,-2.26,1.0
shifted_service_asymmetry,declared_shift,0.8,1035,dqn_ensemble_vote_gate_0.8,-109.76,21.0,79.0,0.0,0.022222222,0.946666667,0.755555556,-2.26,1.0
shifted_service_asymmetry,declared_shift,0.8,1036,dqn_ensemble_vote_gate_0.8,-104.26,20.0,76.0,0.0,0.045454545,0.931818182,0.704545455,4.04,0.0
shifted_service_asymmetry,declared_shift,0.8,1037,dqn_ensemble_vote_gate_0.8,-111.4,21.0,77.0,0.0,0.022727273,0.95,0.772727273,-2.26,1.0
shifted_service_asymmetry,declared_shift,0.8,1038,dqn_ensemble_vote_gate_0.8,-103.62,20.0,77.0,0.0,0.022727273,0.936363636,0.704545455,4.04,0.0
shifted_service_asymmetry,declared_shift,0.8,1039,dqn_ensemble_vote_gate_0.8,-104.9,20.0,75.0,0.0,0.023255814,0.939534884,0.720930233,4.04,0.0
shifted_service_asymmetry,declared_shift,1.0,1000,dqn_ensemble_vote_gate_1,-113.16,21.0,81.0,0.0,0.239130435,0.947826087,0.760869565,-6.66,1.0
shifted_service_asymmetry,declared_shift,1.0,1001,dqn_ensemble_vote_gate_1,-111.02,20.0,75.0,0.0,0.23255814,0.953488372,0.76744186,-1.08,0.0
shifted_service_asymmetry,declared_shift,1.0,1002,dqn_ensemble_vote_gate_1,-109.56,20.0,77.0,0.0,0.25,0.945454545,0.75,-1.08,0.0
shifted_service_asymmetry,declared_shift,1.0,1003,dqn_ensemble_vote_gate_1,-108.74,20.0,78.0,0.0,0.311111111,0.933333333,0.688888889,-1.08,0.0
shifted_service_asymmetry,declared_shift,1.0,1004,dqn_ensemble_vote_gate_1,-111.7,21.0,83.0,0.0,0.229166667,0.945833333,0.770833333,-6.66,1.0
shifted_service_asymmetry,declared_shift,1.0,1005,dqn_ensemble_vote_gate_1,-115.8,21.0,78.0,0.0,0.222222222,0.951111111,0.777777778,-6.66,1.0
shifted_service_asymmetry,declared_shift,1.0,1006,dqn_ensemble_vote_gate_1,-107.66,20.0,78.0,0.0,0.288888889,0.933333333,0.711111111,4.98,-1.0
shifted_service_asymmetry,declared_shift,1.0,1007,dqn_ensemble_vote_gate_1,-114.16,21.0,80.0,0.0,0.239130435,0.947826087,0.760869565,-6.66,1.0
shifted_service_asymmetry,declared_shift,1.0,1008,dqn_ensemble_vote_gate_1,-108.74,20.0,78.0,0.0,0.311111111,0.933333333,0.688888889,-1.08,0.0
shifted_service_asymmetry,declared_shift,1.0,1009,dqn_ensemble_vote_gate_1,-110.88,21.0,84.0,0.0,0.229166667,0.945833333,0.770833333,-6.66,1.0
shifted_service_asymmetry,declared_shift,1.0,1010,dqn_ensemble_vote_gate_1,-110.02,20.0,76.0,0.0,0.318181818,0.927272727,0.681818182,-1.08,0.0
shifted_service_asymmetry,declared_shift,1.0,1011,dqn_ensemble_vote_gate_1,-109.38,20.0,77.0,0.0,0.311111111,0.928888889,0.688888889,-1.08,0.0
shifted_service_asymmetry,declared_shift,1.0,1012,dqn_ensemble_vote_gate_1,-111.7,21.0,83.0,0.0,0.229166667,0.945833333,0.770833333,-6.66,1.0
shifted_service_asymmetry,declared_shift,1.0,1013,dqn_ensemble_vote_gate_1,-113.52,21.0,81.0,0.0,0.260869565,0.939130435,0.739130435,-6.84,1.0
shifted_service_asymmetry,declared_shift,1.0,1014,dqn_ensemble_vote_gate_1,-106.84,20.0,79.0,0.0,0.288888889,0.933333333,0.711111111,4.98,-1.0
shifted_service_asymmetry,declared_shift,1.0,1015,dqn_ensemble_vote_gate_1,-107.66,20.0,78.0,0.0,0.288888889,0.933333333,0.711111111,4.98,-1.0
shifted_service_asymmetry,declared_shift,1.0,1016,dqn_ensemble_vote_gate_1,-110.02,20.0,76.0,0.0,0.318181818,0.927272727,0.681818182,-1.08,0.0
shifted_service_asymmetry,declared_shift,1.0,1017,dqn_ensemble_vote_gate_1,-110.66,20.0,75.0,0.0,0.302325581,0.934883721,0.697674419,-1.08,0.0
shifted_service_asymmetry,declared_shift,1.0,1018,dqn_ensemble_vote_gate_1,-109.48,20.0,76.0,0.0,0.295454545,0.931818182,0.704545455,4.98,-1.0
shifted_service_asymmetry,declared_shift,1.0,1019,dqn_ensemble_vote_gate_1,-109.38,20.0,77.0,0.0,0.311111111,0.928888889,0.688888889,-1.08,0.0
shifted_service_asymmetry,declared_shift,1.0,1020,dqn_ensemble_vote_gate_1,-111.02,20.0,75.0,0.0,0.23255814,0.953488372,0.76744186,-1.08,0.0
shifted_service_asymmetry,declared_shift,1.0,1021,dqn_ensemble_vote_gate_1,-105.92,20.0,81.0,0.0,0.326086957,0.930434783,0.673913043,-1.08,0.0
shifted_service_asymmetry,declared_shift,1.0,1022,dqn_ensemble_vote_gate_1,-112.7,21.0,82.0,0.0,0.212765957,0.94893617,0.787234043,-6.66,1.0
shifted_service_asymmetry,declared_shift,1.0,1023,dqn_ensemble_vote_gate_1,-111.22,20.0,73.0,0.0,0.285714286,0.938095238,0.714285714,4.98,-1.0
shifted_service_asymmetry,declared_shift,1.0,1024,dqn_ensemble_vote_gate_1,-110.02,20.0,76.0,0.0,0.318181818,0.927272727,0.681818182,-1.08,0.0
shifted_service_asymmetry,declared_shift,1.0,1025,dqn_ensemble_vote_gate_1,-109.2,20.0,77.0,0.0,0.295454545,0.936363636,0.704545455,-1.08,0.0
shifted_service_asymmetry,declared_shift,1.0,1026,dqn_ensemble_vote_gate_1,-110.88,21.0,84.0,0.0,0.229166667,0.945833333,0.770833333,-6.66,1.0
shifted_service_asymmetry,declared_shift,1.0,1027,dqn_ensemble_vote_gate_1,-111.7,21.0,83.0,0.0,0.229166667,0.945833333,0.770833333,-6.66,1.0
shifted_service_asymmetry,declared_shift,1.0,1028,dqn_ensemble_vote_gate_1,-116.08,21.0,77.0,0.0,0.204545455,0.954545455,0.795454545,-6.66,1.0
shifted_service_asymmetry,declared_shift,1.0,1029,dqn_ensemble_vote_gate_1,-110.02,20.0,76.0,0.0,0.295454545,0.936363636,0.704545455,-1.08,0.0
shifted_service_asymmetry,declared_shift,1.0,1030,dqn_ensemble_vote_gate_1,-115.8,21.0,78.0,0.0,0.222222222,0.951111111,0.777777778,-6.66,1.0
shifted_service_asymmetry,declared_shift,1.0,1031,dqn_ensemble_vote_gate_1,-117.36,21.0,75.0,0.0,0.209302326,0.953488372,0.790697674,-6.66,1.0
shifted_service_asymmetry,declared_shift,1.0,1032,dqn_ensemble_vote_gate_1,-111.04,20.0,73.0,0.0,0.19047619,0.961904762,0.80952381,4.8,-1.0
shifted_service_asymmetry,declared_shift,1.0,1033,dqn_ensemble_vote_gate_1,-109.2,20.0,77.0,0.0,0.295454545,0.936363636,0.704545455,-1.08,0.0
shifted_service_asymmetry,declared_shift,1.0,1034,dqn_ensemble_vote_gate_1,-116.08,21.0,77.0,0.0,0.204545455,0.954545455,0.795454545,-6.66,1.0
shifted_service_asymmetry,declared_shift,1.0,1035,dqn_ensemble_vote_gate_1,-114.16,21.0,80.0,0.0,0.239130435,0.947826087,0.760869565,-6.66,1.0
shifted_service_asymmetry,declared_shift,1.0,1036,dqn_ensemble_vote_gate_1,-109.38,20.0,77.0,0.0,0.311111111,0.928888889,0.688888889,-1.08,0.0
shifted_service_asymmetry,declared_shift,1.0,1037,dqn_ensemble_vote_gate_1,-115.8,21.0,78.0,0.0,0.222222222,0.951111111,0.777777778,-6.66,1.0
shifted_service_asymmetry,declared_shift,1.0,1038,dqn_ensemble_vote_gate_1,-108.74,20.0,78.0,0.0,0.311111111,0.933333333,0.688888889,-1.08,0.0
shifted_service_asymmetry,declared_shift,1.0,1039,dqn_ensemble_vote_gate_1,-110.02,20.0,76.0,0.0,0.295454545,0.936363636,0.704545455,-1.08,0.0
sealed_staggered_cross_shift,sealed_final_challenge,,1000,projected_queue_observation_only,-87.5,21.0,46.0,0.0,,,,,
sealed_staggered_cross_shift,sealed_final_challenge,,1001,projected_queue_observation_only,-78.48,20.0,53.0,0.0,,,,,
sealed_staggered_cross_shift,sealed_final_challenge,,1002,projected_queue_observation_only,-81.24,20.0,47.0,0.0,,,,,
sealed_staggered_cross_shift,sealed_final_challenge,,1003,projected_queue_observation_only,-89.66,22.0,50.0,0.0,,,,,
sealed_staggered_cross_shift,sealed_final_challenge,,1004,projected_queue_observation_only,-91.3,22.0,48.0,0.0,,,,,
sealed_staggered_cross_shift,sealed_final_challenge,,1005,projected_queue_observation_only,-89.02,22.0,51.0,0.0,,,,,
sealed_staggered_cross_shift,sealed_final_challenge,,1006,projected_queue_observation_only,-82.88,20.0,45.0,0.0,,,,,
sealed_staggered_cross_shift,sealed_final_challenge,,1007,projected_queue_observation_only,-82.6,20.0,46.0,0.0,,,,,
sealed_staggered_cross_shift,sealed_final_challenge,,1008,projected_queue_observation_only,-89.66,22.0,50.0,0.0,,,,,
sealed_staggered_cross_shift,sealed_final_challenge,,1009,projected_queue_observation_only,-90.48,22.0,49.0,0.0,,,,,
sealed_staggered_cross_shift,sealed_final_challenge,,1010,projected_queue_observation_only,-89.66,22.0,50.0,0.0,,,,,
sealed_staggered_cross_shift,sealed_final_challenge,,1011,projected_queue_observation_only,-90.3,22.0,49.0,0.0,,,,,
sealed_staggered_cross_shift,sealed_final_challenge,,1012,projected_queue_observation_only,-91.3,22.0,48.0,0.0,,,,,
sealed_staggered_cross_shift,sealed_final_challenge,,1013,projected_queue_observation_only,-88.58,21.0,46.0,0.0,,,,,
sealed_staggered_cross_shift,sealed_final_challenge,,1014,projected_queue_observation_only,-82.06,20.0,46.0,0.0,,,,,
sealed_staggered_cross_shift,sealed_final_challenge,,1015,projected_queue_observation_only,-82.88,20.0,45.0,0.0,,,,,
sealed_staggered_cross_shift,sealed_final_challenge,,1016,projected_queue_observation_only,-89.66,22.0,50.0,0.0,,,,,
sealed_staggered_cross_shift,sealed_final_challenge,,1017,projected_queue_observation_only,-80.78,20.0,48.0,0.0,,,,,
sealed_staggered_cross_shift,sealed_final_challenge,,1018,projected_queue_observation_only,-80.48,20.0,51.0,0.0,,,,,
sealed_staggered_cross_shift,sealed_final_challenge,,1019,projected_queue_observation_only,-90.3,22.0,49.0,0.0,,,,,
sealed_staggered_cross_shift,sealed_final_challenge,,1020,projected_queue_observation_only,-78.48,20.0,53.0,0.0,,,,,
sealed_staggered_cross_shift,sealed_final_challenge,,1021,projected_queue_observation_only,-83.5,20.0,46.0,0.0,,,,,
sealed_staggered_cross_shift,sealed_final_challenge,,1022,projected_queue_observation_only,-80.12,20.0,51.0,0.0,,,,,
sealed_staggered_cross_shift,sealed_final_challenge,,1023,projected_queue_observation_only,-88.02,22.0,52.0,0.0,,,,,
sealed_staggered_cross_shift,sealed_final_challenge,,1024,projected_queue_observation_only,-89.66,22.0,50.0,0.0,,,,,
sealed_staggered_cross_shift,sealed_final_challenge,,1025,projected_queue_observation_only,-84.8,20.0,42.0,0.0,,,,,
sealed_staggered_cross_shift,sealed_final_challenge,,1026,projected_queue_observation_only,-90.48,22.0,49.0,0.0,,,,,
sealed_staggered_cross_shift,sealed_final_challenge,,1027,projected_queue_observation_only,-91.3,22.0,48.0,0.0,,,,,
sealed_staggered_cross_shift,sealed_final_challenge,,1028,projected_queue_observation_only,-83.98,20.0,43.0,0.0,,,,,
sealed_staggered_cross_shift,sealed_final_challenge,,1029,projected_queue_observation_only,-89.84,22.0,50.0,0.0,,,,,
sealed_staggered_cross_shift,sealed_final_challenge,,1030,projected_queue_observation_only,-89.02,22.0,51.0,0.0,,,,,
sealed_staggered_cross_shift,sealed_final_challenge,,1031,projected_queue_observation_only,-79.78,20.0,49.0,0.0,,,,,
sealed_staggered_cross_shift,sealed_final_challenge,,1032,projected_queue_observation_only,-80.42,20.0,48.0,0.0,,,,,
sealed_staggered_cross_shift,sealed_final_challenge,,1033,projected_queue_observation_only,-84.8,20.0,42.0,0.0,,,,,
sealed_staggered_cross_shift,sealed_final_challenge,,1034,projected_queue_observation_only,-83.98,20.0,43.0,0.0,,,,,
sealed_staggered_cross_shift,sealed_final_challenge,,1035,projected_queue_observation_only,-82.6,20.0,46.0,0.0,,,,,
sealed_staggered_cross_shift,sealed_final_challenge,,1036,projected_queue_observation_only,-90.3,22.0,49.0,0.0,,,,,
sealed_staggered_cross_shift,sealed_final_challenge,,1037,projected_queue_observation_only,-89.02,22.0,51.0,0.0,,,,,
sealed_staggered_cross_shift,sealed_final_challenge,,1038,projected_queue_observation_only,-89.66,22.0,50.0,0.0,,,,,
sealed_staggered_cross_shift,sealed_final_challenge,,1039,projected_queue_observation_only,-89.84,22.0,50.0,0.0,,,,,
sealed_staggered_cross_shift,sealed_final_challenge,1.0,1000,dqn_ensemble_vote_gate_1,-87.5,21.0,46.0,0.0,0.148148148,0.955555556,0.851851852,0.0,0.0
sealed_staggered_cross_shift,sealed_final_challenge,1.0,1001,dqn_ensemble_vote_gate_1,-78.48,20.0,53.0,0.0,0.033333333,0.986666667,0.966666667,0.0,0.0
sealed_staggered_cross_shift,sealed_final_challenge,1.0,1002,dqn_ensemble_vote_gate_1,-81.24,20.0,47.0,0.0,0.0,1.0,1.0,0.0,0.0
sealed_staggered_cross_shift,sealed_final_challenge,1.0,1003,dqn_ensemble_vote_gate_1,-89.66,22.0,50.0,0.0,0.0,1.0,1.0,0.0,0.0
sealed_staggered_cross_shift,sealed_final_challenge,1.0,1004,dqn_ensemble_vote_gate_1,-91.3,22.0,48.0,0.0,0.034482759,0.993103448,0.965517241,0.0,0.0
sealed_staggered_cross_shift,sealed_final_challenge,1.0,1005,dqn_ensemble_vote_gate_1,-89.02,22.0,51.0,0.0,0.0,1.0,1.0,0.0,0.0
sealed_staggered_cross_shift,sealed_final_challenge,1.0,1006,dqn_ensemble_vote_gate_1,-82.88,20.0,45.0,0.0,0.037037037,0.992592593,0.962962963,0.0,0.0
sealed_staggered_cross_shift,sealed_final_challenge,1.0,1007,dqn_ensemble_vote_gate_1,-82.6,20.0,46.0,0.0,0.148148148,0.962962963,0.851851852,0.0,0.0
sealed_staggered_cross_shift,sealed_final_challenge,1.0,1008,dqn_ensemble_vote_gate_1,-89.66,22.0,50.0,0.0,0.0,1.0,1.0,0.0,0.0
sealed_staggered_cross_shift,sealed_final_challenge,1.0,1009,dqn_ensemble_vote_gate_1,-90.48,22.0,49.0,0.0,0.0,1.0,1.0,0.0,0.0
sealed_staggered_cross_shift,sealed_final_challenge,1.0,1010,dqn_ensemble_vote_gate_1,-89.66,22.0,50.0,0.0,0.0,1.0,1.0,0.0,0.0
sealed_staggered_cross_shift,sealed_final_challenge,1.0,1011,dqn_ensemble_vote_gate_1,-90.3,22.0,49.0,0.0,0.033333333,0.993333333,0.966666667,0.0,0.0
sealed_staggered_cross_shift,sealed_final_challenge,1.0,1012,dqn_ensemble_vote_gate_1,-91.3,22.0,48.0,0.0,0.034482759,0.993103448,0.965517241,0.0,0.0
sealed_staggered_cross_shift,sealed_final_challenge,1.0,1013,dqn_ensemble_vote_gate_1,-88.58,21.0,46.0,0.0,0.037037037,0.992592593,0.962962963,0.0,0.0
sealed_staggered_cross_shift,sealed_final_challenge,1.0,1014,dqn_ensemble_vote_gate_1,-82.06,20.0,46.0,0.0,0.0,1.0,1.0,0.0,0.0
sealed_staggered_cross_shift,sealed_final_challenge,1.0,1015,dqn_ensemble_vote_gate_1,-82.88,20.0,45.0,0.0,0.037037037,0.992592593,0.962962963,0.0,0.0
sealed_staggered_cross_shift,sealed_final_challenge,1.0,1016,dqn_ensemble_vote_gate_1,-89.66,22.0,50.0,0.0,0.0,1.0,1.0,0.0,0.0
sealed_staggered_cross_shift,sealed_final_challenge,1.0,1017,dqn_ensemble_vote_gate_1,-80.78,20.0,48.0,0.0,0.0,1.0,1.0,0.0,0.0
sealed_staggered_cross_shift,sealed_final_challenge,1.0,1018,dqn_ensemble_vote_gate_1,-80.48,20.0,51.0,0.0,0.033333333,0.986666667,0.966666667,0.0,0.0
sealed_staggered_cross_shift,sealed_final_challenge,1.0,1019,dqn_ensemble_vote_gate_1,-90.3,22.0,49.0,0.0,0.033333333,0.993333333,0.966666667,0.0,0.0
sealed_staggered_cross_shift,sealed_final_challenge,1.0,1020,dqn_ensemble_vote_gate_1,-78.48,20.0,53.0,0.0,0.033333333,0.986666667,0.966666667,0.0,0.0
sealed_staggered_cross_shift,sealed_final_challenge,1.0,1021,dqn_ensemble_vote_gate_1,-83.5,20.0,46.0,0.0,0.074074074,0.977777778,0.925925926,0.0,0.0
sealed_staggered_cross_shift,sealed_final_challenge,1.0,1022,dqn_ensemble_vote_gate_1,-80.12,20.0,51.0,0.0,0.033333333,0.993333333,0.966666667,0.0,0.0
sealed_staggered_cross_shift,sealed_final_challenge,1.0,1023,dqn_ensemble_vote_gate_1,-88.02,22.0,52.0,0.0,0.0,1.0,1.0,0.0,0.0
sealed_staggered_cross_shift,sealed_final_challenge,1.0,1024,dqn_ensemble_vote_gate_1,-89.66,22.0,50.0,0.0,0.0,1.0,1.0,0.0,0.0
sealed_staggered_cross_shift,sealed_final_challenge,1.0,1025,dqn_ensemble_vote_gate_1,-84.8,20.0,42.0,0.0,0.12,0.968,0.88,0.0,0.0
sealed_staggered_cross_shift,sealed_final_challenge,1.0,1026,dqn_ensemble_vote_gate_1,-90.48,22.0,49.0,0.0,0.0,1.0,1.0,0.0,0.0
sealed_staggered_cross_shift,sealed_final_challenge,1.0,1027,dqn_ensemble_vote_gate_1,-91.3,22.0,48.0,0.0,0.034482759,0.993103448,0.965517241,0.0,0.0
sealed_staggered_cross_shift,sealed_final_challenge,1.0,1028,dqn_ensemble_vote_gate_1,-83.98,20.0,43.0,0.0,0.08,0.976,0.92,0.0,0.0
sealed_staggered_cross_shift,sealed_final_challenge,1.0,1029,dqn_ensemble_vote_gate_1,-89.12,22.0,50.0,0.0,0.103448276,0.965517241,0.896551724,0.72,0.0
sealed_staggered_cross_shift,sealed_final_challenge,1.0,1030,dqn_ensemble_vote_gate_1,-89.02,22.0,51.0,0.0,0.0,1.0,1.0,0.0,0.0
sealed_staggered_cross_shift,sealed_final_challenge,1.0,1031,dqn_ensemble_vote_gate_1,-79.78,20.0,49.0,0.0,0.0,1.0,1.0,0.0,0.0
sealed_staggered_cross_shift,sealed_final_challenge,1.0,1032,dqn_ensemble_vote_gate_1,-80.42,20.0,48.0,0.0,0.0,1.0,1.0,0.0,0.0
sealed_staggered_cross_shift,sealed_final_challenge,1.0,1033,dqn_ensemble_vote_gate_1,-84.8,20.0,42.0,0.0,0.12,0.968,0.88,0.0,0.0
sealed_staggered_cross_shift,sealed_final_challenge,1.0,1034,dqn_ensemble_vote_gate_1,-83.98,20.0,43.0,0.0,0.08,0.976,0.92,0.0,0.0
sealed_staggered_cross_shift,sealed_final_challenge,1.0,1035,dqn_ensemble_vote_gate_1,-82.6,20.0,46.0,0.0,0.148148148,0.962962963,0.851851852,0.0,0.0
sealed_staggered_cross_shift,sealed_final_challenge,1.0,1036,dqn_ensemble_vote_gate_1,-90.3,22.0,49.0,0.0,0.033333333,0.993333333,0.966666667,0.0,0.0
sealed_staggered_cross_shift,sealed_final_challenge,1.0,1037,dqn_ensemble_vote_gate_1,-89.02,22.0,51.0,0.0,0.0,1.0,1.0,0.0,0.0
sealed_staggered_cross_shift,sealed_final_challenge,1.0,1038,dqn_ensemble_vote_gate_1,-89.66,22.0,50.0,0.0,0.0,1.0,1.0,0.0,0.0
sealed_staggered_cross_shift,sealed_final_challenge,1.0,1039,dqn_ensemble_vote_gate_1,-89.12,22.0,50.0,0.0,0.103448276,0.965517241,0.896551724,0.72,0.0
